"DAP","Name","Column","Row","Plot","Trait","NGRDI","BGI","GLI","VARI","myIndex","EPH"
"40","G51",1,10,127,7,0.0851946260046059,0.622212722618605,0.154425502625425,0.128227629379407,0.226420773852319,0.0416805297868793
"40","G92",2,10,128,4,0.11104453229511,0.616126332617486,0.170774724854847,0.168828057662858,0.189827388613029,0.0609851900791432
"40","G37",3,10,129,4,0.116809737271783,0.608016101908144,0.176704535135847,0.177004526052309,0.189266446276283,0.0615982987677412
"40","G96",4,10,130,3,0.107921503895331,0.612802543958748,0.170136890142405,0.163397740145803,0.199094588063251,0.0661486366405648
"40","G35",5,10,131,4,0.105519984344379,0.630773444577231,0.16278399250049,0.161786534105136,0.184867107314212,0.0546606347620183
"40","G13",6,10,132,4,0.071173854903876,0.629458892445216,0.143974440918152,0.107271642097646,0.241620481994089,0.0177361751208271
"40","G3",7,10,133,4,0.085532785465166,0.621245625392071,0.154854152462887,0.128904873928016,0.226678714835108,0.0208804917113018
"40","G40",8,10,134,4,0.0932327894507618,0.604438488351846,0.164924847758081,0.138694791450482,0.230675770954023,0.0464626739583545
"40","G58",9,10,135,4,0.114172828830194,0.602307765208056,0.177423045797217,0.171347179610326,0.199236976243983,0.0620021392727158
"40","G76",10,10,136,2,0.106974663589516,0.59966759238011,0.174356003453605,0.159449346739192,0.213418430241922,0.0534986448960216
"40","G95",11,10,137,3,0.0867443907029426,0.611369731542262,0.158965576527314,0.129265828391106,0.233860700286072,0.045152727189613
"40","G31",12,10,138,3,0.0909929002488662,0.620992558676407,0.158092340096233,0.137166643817506,0.217632212391043,0.0122618247019277
"40","G32",13,10,139,3,0.122119686526591,0.586543122532135,0.187433847877332,0.181036359343176,0.203359617906745,0.0643912135641334
"40","G24",14,10,140,3,0.0772120671122164,0.605425599162792,0.155515128294459,0.114109599381918,0.255896297730398,0.0349310676930814
"40","G42",1,9,113,5,0.0884488074526391,0.622769062794715,0.156149665434523,0.133055172199171,0.220559910275187,0.0505867275090585
"40","G15",2,9,114,3,0.113567817623637,0.618559044708845,0.171488922471337,0.172838799667102,0.183712594513429,0.0810844587879809
"40","G29",3,9,115,5,0.129389255532977,0.614107295817171,0.181564846014536,0.19784153223367,0.164974798237542,0.0845319895114007
"40","G28",4,9,116,4,0.135727665389396,0.581101124461403,0.197067564218451,0.201030272663589,0.189135641977527,0.0791678940730144
"40","G5",5,9,117,5,0.100059991055199,0.612674746601066,0.165892109971874,0.150807898533833,0.211822298268817,0.0597031496603193
"40","G17",6,9,118,5,0.0946371246032373,0.631405347644268,0.156473444424312,0.144688422048861,0.201384438092099,0.0531569595254319
"40","G12",7,9,119,4,0.085399354911098,0.620851986869765,0.155043604006574,0.128103110268168,0.227181335354277,0.0543832318270032
"40","G97",8,9,120,3,0.087983477160401,0.605706729722087,0.16141858825068,0.13103870482182,0.238553030670336,0.0357198669033097
"40","G39",9,9,121,3,0.117252035675379,0.611575518351324,0.175912917087509,0.177700295737805,0.184224442455386,0.0755110918452312
"40","G72",10,9,122,4,0.0939807074676417,0.617764343612717,0.160872931327366,0.141471160579643,0.216071071499868,0.0727083747471457
"40","G18",11,9,123,3,0.0917850873056682,0.602364613960525,0.164731690576738,0.136278279572232,0.236182266848261,0.0525168271524449
"40","G10",12,9,124,5,0.109338635079436,0.612633762802979,0.171003113285426,0.165670370360627,0.19676739468697,0.0458505651381106
"40","G67",13,9,125,3,0.115912092214813,0.60194837641099,0.178318043723513,0.174207679058648,0.199162344522628,0.0555342925118073
"40","G30",14,9,126,2,0.077947918298593,0.597257738204883,0.158874875917853,0.113868769022928,0.262851627905381,0.0507437095277138
"40","G38",1,8,99,5,0.0930714233260553,0.623568864219357,0.158496295421625,0.140424688980243,0.211889451679143,0.0607565495875982
"40","G6",2,8,100,5,0.100842141320052,0.631746265761406,0.159832669070143,0.154567875125323,0.190213678807785,0.0789336976987499
"40","G1",3,8,101,4,0.133637706391554,0.619713327359189,0.181982433944402,0.205651699751502,0.152226825698832,0.104537966511716
"40","G2",4,8,102,4,0.0943388273685962,0.617257556886627,0.161769557345339,0.139956554351404,0.219824068799305,0.0696333439512128
"40","G4",5,8,103,4,0.100640615818194,0.623811101582338,0.162564931691208,0.152452687866839,0.200493542815899,0.0713175504180203
"40","G11",6,8,104,6,0.0994052102870792,0.637615141268449,0.157057505648363,0.153150469701405,0.18688091092565,0.0712086763734805
"40","G14",7,8,105,5,0.119300030667096,0.597141627634936,0.181997054216952,0.178766752381544,0.196513624642071,0.0650162729226591
"40","G74",8,8,106,4,0.13734692181935,0.608946035593523,0.187504782969579,0.210602289058907,0.15743179932796,0.0886275431140253
"40","G65",9,8,107,5,0.129790560899893,0.602657364871094,0.18598109184923,0.196015399723357,0.174957340106989,0.0829059717958355
"40","G49",10,8,108,5,0.108718443199502,0.618629360864271,0.168690211530163,0.165161478220877,0.192305206577493,0.0732213186285052
"40","G8",11,8,109,4,0.119192307785484,0.578837851186167,0.188560401892387,0.175277915401295,0.215183662510639,0.068069264943848
"40","G7",12,8,110,3,0.128045757081016,0.618878035972556,0.179080115863966,0.196902488422801,0.161329211622589,0.079686062971458
"40","G77",13,8,111,3,0.147744452690524,0.595925701981777,0.197789289669624,0.22510827785609,0.154012295262548,0.107939901854117
"40","G79",14,8,112,3,0.0853188420249113,0.594620951678656,0.164288622741463,0.124184597779718,0.25324423039168,0.0563109383873781
"40","G23",1,7,85,3,0.0774975188100518,0.621035707675212,0.150698414302912,0.115412879213091,0.239427640023909,0.0671539432842588
"40","G55",2,7,86,4,0.0834143270338613,0.626318609927544,0.151935687434613,0.126293618549912,0.223915563943023,0.0861220941202299
"40","G86",3,7,87,4,0.136955490839009,0.590574451962066,0.194413409860473,0.204823207231056,0.175643064861043,0.125774559321573
"40","G46",4,7,88,5,0.0955933085346005,0.6306658048484,0.157184682945396,0.146360049955308,0.201021283780471,0.0991189550420365
"40","G66",5,7,89,5,0.118069037640955,0.63380461077958,0.168454978460732,0.183172782192516,0.161892017566984,0.0956500720743071
"40","G25",6,7,90,4,0.10640407929432,0.618300178621376,0.167537017380885,0.161466046278322,0.195465272142415,0.07564407126814
"40","G9",7,7,91,5,0.0691492682647068,0.624561035966378,0.144745545909921,0.102787716807637,0.250096254923503,0.0513814249096569
"40","G16",8,7,92,4,0.0964272054983732,0.604259695226823,0.166946472039421,0.143380986635365,0.225447688779291,0.0568854362047586
"40","G26",9,7,93,5,0.0965402144735487,0.623032887118461,0.160517188200385,0.145991478126859,0.20715567771416,0.0692852009052836
"40","G93",10,7,94,5,0.11324392221444,0.610404733856713,0.173905280310928,0.171586972710471,0.192643376797667,0.105626050822256
"40","G82",11,7,95,5,0.0818729151411772,0.609727245906846,0.156773017312298,0.121540280483552,0.243946663161534,0.0706275841762573
"40","G87",12,7,96,3,0.117079584844294,0.58316683685274,0.185789642000099,0.172792958368141,0.214448867029575,0.0626382786197884
"40","G19",13,7,97,5,0.128480535639565,0.580565420025258,0.193020434864992,0.190587108359478,0.197309860113794,0.0974863912308205
"40","G71",14,7,98,4,0.0923482813882905,0.599230248871021,0.166418543640983,0.136138966303258,0.237748204813836,0.0580987240221492
"40","G29",1,6,71,4,0.0815749506182819,0.619880267484992,0.153421018216685,0.121480607847064,0.234572052041361,0.0687659726850861
"40","G21",2,6,72,4,0.0887507833835414,0.655147409745287,0.145337154199077,0.138107154260594,0.187053045668649,0.100755961780668
"40","G60",3,6,73,5,0.147028020518678,0.617528232635901,0.189873913320559,0.227929905813087,0.133188876690278,0.106489120648009
"40","G20",4,6,74,7,0.128222452969688,0.604048844658191,0.184629937054236,0.193736535576365,0.176848200632156,0.0961275508054121
"40","G68",5,6,75,6,0.0871609465666342,0.619034945565634,0.156644552923727,0.130552074220614,0.226649958594021,0.0649299018077637
"40","G34",6,6,76,3,0.0734499922855735,0.626550856871591,0.14627465791599,0.110442602878613,0.240563515844004,0.0485568973033498
"40","G33",7,6,77,5,0.0903738977986998,0.626946531835564,0.155602452080555,0.137137067192305,0.213193317417792,0.0670800158153969
"40","G43",8,6,78,5,0.118517017058579,0.601131129471649,0.180255266638711,0.178075635274136,0.192965880640927,0.0786340117116409
"40","G61",9,6,79,4,0.104663774800001,0.5932182526721,0.175339877805485,0.154954910204961,0.223601980099112,0.091779401923279
"40","G36",10,6,80,3,0.0951410246118651,0.554665065496064,0.183339785823606,0.135957905615634,0.275887343055825,0.109056601240359
"40","G73",11,6,81,6,0.0745408507356622,0.623395094091336,0.148018248183288,0.111548055486544,0.242219963544092,0.0654174781378934
"40","G50",12,6,82,4,0.104737779598456,0.605531043561904,0.17098388975053,0.157041044903132,0.211061877866475,0.077004599668369
"40","G41",13,6,83,5,0.0600470143719881,0.628380867080439,0.138017151184577,0.0898067939404275,0.262005201554089,0.0547562718139166
"40","G27",14,6,84,4,0.0763041394879327,0.59685920312195,0.158115085818467,0.11122502811274,0.267115656034817,0.0599668200445458
"40","G59",1,5,57,4,0.0904327224486106,0.614530164051798,0.160207297072828,0.134698398989646,0.22654570841327,0.0634008185914787
"40","G25",2,5,58,4,0.137881685232871,0.610200789416938,0.187639641874807,0.210901596537945,0.155181405843724,0.120942089563434
"40","G54",3,5,59,5,0.104206210431669,0.617295342976786,0.166699100354522,0.157561836817227,0.200481888549059,0.0785185842560222
"40","G90",4,5,60,3,0.113482758631724,0.610441383336473,0.174300223326629,0.171126634687843,0.1927272954135,0.0745827408327023
"40","G83",5,5,61,3,0.156814910676465,0.622612310388286,0.193153772346692,0.245744683172717,0.113251083647081,0.112862578486967
"40","G80",6,5,62,4,0.0784654063458154,0.645710929626012,0.142717104766726,0.120423436832201,0.214153366730371,0.0547164708388748
"40","G97",7,5,63,3,0.038760888205369,0.626762870700347,0.12616446573888,0.0572727358657387,0.300388768154742,0.0459863812328055
"40","G21",8,5,64,3,0.125518600290623,0.61677151388894,0.178580009362385,0.191957601348826,0.168080374910131,0.0634269269596555
"40","G32",9,5,65,3,0.0907037490055296,0.62591580027484,0.156093721245899,0.137845440666365,0.21343328358018,0.0640662979570161
"40","G70",10,5,66,4,0.107931888382443,0.601480040564567,0.174198012591282,0.161285521593709,0.210381773606973,0.0865243853825779
"40","G96",11,5,67,3,0.128331120877855,0.608646796143472,0.182826020997176,0.195615581569544,0.170175866375416,0.10528369423417
"40","G81",12,5,68,3,0.125148532535483,0.591861663096522,0.187066272250486,0.187245309073094,0.193225912129267,0.0733354788746017
"40","G15",13,5,69,3,0.0498345750179011,0.632565917537863,0.130718514156942,0.0744988798551178,0.275457773285738,0.0384622957637035
"40","G13",14,5,70,3,0.065128039122643,0.602519582096305,0.149608729539452,0.0951281132080639,0.278738153664709,0.0499500272451575
"40","G28",1,4,43,4,0.0801757075986802,0.626680926710605,0.150325592878916,0.119892745713257,0.230538674583238,0.0461940604803266
"40","G22",2,4,44,4,0.120900744281497,0.593997236099833,0.184429326988999,0.179612724010106,0.198336092046171,0.0855804738298372
"40","G94",3,4,45,5,0.0901698347713,0.629026783047071,0.154918633747565,0.136834052880576,0.210987531232463,0.0594110665658097
"40","G44",4,4,46,4,0.128857189367101,0.603776539817506,0.185038702271375,0.194939171254099,0.174476947103649,0.0685153482662135
"40","G47",5,4,47,5,0.111214604114713,0.617135488468756,0.170503532017677,0.169283222095795,0.189237006201667,0.0625554403011967
"40","G75",6,4,48,3,0.122590547351095,0.622616788791541,0.174917378993145,0.188432628487719,0.16537544822924,0.0635716661933917
"40","G10",7,4,49,5,0.0570443193411512,0.636627823100974,0.133675308720742,0.0854715375749665,0.259736657565826,0.0314983132115767
"40","G9",8,4,50,4,0.0984970089624561,0.624183725230368,0.161215338072936,0.149415391420836,0.203056189100974,0.0447723261870313
"40","G33",9,4,51,5,0.125193842349695,0.614932542148332,0.179074701071431,0.191117823855674,0.169563879825638,0.0709090238048334
"40","G69",10,4,52,4,0.134847692734852,0.586644666037203,0.194399985013224,0.201417236933027,0.183656815430811,0.0918076417184224
"40","G24",11,4,53,3,0.123614136809007,0.606034931511512,0.181261841660975,0.18738716260176,0.180727381492994,0.0584789287738505
"40","G88",12,4,54,2,0.0877033585682358,0.618732477055654,0.156956004966701,0.131802772317877,0.225260283830305,0.041914034151443
"40","G63",13,4,55,6,0.0677379327371691,0.64557262055382,0.136765670961093,0.103356332638277,0.231028406893836,0.0519251681807272
"40","G42",14,4,56,5,0.0726152955800691,0.60407801255496,0.153561633381989,0.106236997069588,0.264780906458225,0.0489505305821482
"40","G62",1,3,29,4,0.0578217683050857,0.629508109400795,0.136569493702515,0.0858842604917839,0.264538120535003,0.00869942365343795
"40","G8",2,3,30,5,0.101395996264723,0.635860391459268,0.158707004544685,0.156321572517504,0.185722959102836,0.0527784067790916
"40","G57",3,3,31,4,0.126473894643369,0.61074075406947,0.181191277561233,0.1926746159907,0.171428206533899,0.0688102314684071
"40","G30",4,3,32,4,0.0920101463730383,0.632714436098048,0.154637275882392,0.140368355244845,0.204491420474235,0.044443673082793
"40","G34",5,3,33,3,0.049693494288848,0.655524386906041,0.123329705143026,0.0758587739620112,0.252039048602581,-0.000154183831014533
"40","G84",6,3,34,5,0.0898071237543737,0.631284548286607,0.153904191833107,0.136695013602716,0.208555656073746,0.0262171476676512
"40","G16",7,3,35,4,0.085262496755146,0.617741878757439,0.155910960474059,0.127718478077443,0.231190890721971,0.0272982371715319
"40","G53",8,3,36,5,0.0974136772203755,0.617138476990235,0.163048786779989,0.146592436098867,0.211683990140883,0.0433547142747117
"40","G52",9,3,37,3,0.131663842332836,0.612648805589186,0.183360528019471,0.20131624077163,0.161364560045153,0.062822495790415
"40","G3",10,3,38,3,0.0859599354931151,0.612696843487503,0.158199592177,0.127875413782256,0.233859690898243,0.0256215363279846
"40","G31",11,3,39,5,0.124690845792815,0.606641107043329,0.18174040654419,0.188963972549642,0.177998819298016,0.0490248480109785
"40","G45",12,3,40,3,0.121253929323372,0.599409682528613,0.182373587297673,0.181834903084787,0.191429223065737,0.0247501262933496
"40","G20",13,3,41,6,0.101113061171366,0.610570902713491,0.167267599041891,0.151835235491555,0.211992101374704,0.0242047387291116
"40","G2",14,3,42,4,0.0677030475401207,0.613046721761734,0.147627691583951,0.0997238415668668,0.264391844371712,0.0329120561748418
"40","G12",1,2,15,5,0.0707517523247907,0.632240849222718,0.142912512087156,0.106544070992867,0.240032990208022,-0.010287418683742
"40","G22",2,2,16,5,0.125058304150609,0.606029933312294,0.182320056468967,0.188688450779622,0.179356418026949,0.0541607916924957
"40","G64",3,2,17,5,0.125607196730508,0.607582356398659,0.182077275187563,0.190193035262625,0.175391569176733,0.0591121171953368
"40","G27",4,2,18,4,0.0846928562073216,0.641940007524062,0.147596687021112,0.129527946140307,0.207282492023853,0.0244840397915019
"40","G11",5,2,19,5,0.0831149653810111,0.622973527740484,0.153298348352715,0.124407727846677,0.227779662453654,-0.00212879016468763
"40","G56",6,2,20,5,0.126738532357742,0.612139097691606,0.180839454631576,0.193395171251251,0.168890849731607,0.0392886981958959
"40","G14",7,2,21,4,0.115816875791289,0.592225158591881,0.181900909029828,0.172097517817427,0.207800661574836,0.0218554730163568
"40","G91",8,2,22,2,0.10805775503943,0.600723274410873,0.174708412039129,0.160937236728424,0.210786568487417,0.00396710708600214
"40","G48",9,2,23,5,0.115170264513139,0.60005473281758,0.178673057103293,0.172899354092266,0.199570531261204,0.0220732457024041
"40","G39",10,2,24,2,0.107407647450995,0.598524342946437,0.175029338367266,0.159646453960165,0.214728331793667,0.0165310163763405
"40","G19",11,2,25,5,0.127326940882572,0.605695027476601,0.183612691973539,0.192715805611657,0.175241559289492,0.0269816419719849
"40","G40",12,2,26,3,0.0759378927490982,0.619460191981404,0.150235541279075,0.112966978673357,0.24403131195434,-0.0139677104643103
"40","G18",13,2,27,4,0.0949112359860682,0.617218756968503,0.161711375122552,0.142428516844739,0.215701209555517,0.00752910835075572
"40","G41",14,2,28,5,0.068027863000702,0.620838530480907,0.145197570039924,0.100944069008709,0.256288540890265,-0.013526225635265
"40","G7",1,1,1,4,0.0762287924895188,0.651506893767127,0.139786215526752,0.116760435413462,0.21223913970461,-0.0321279682921547
"40","G78",2,1,2,4,0.124002779882316,0.608981233824746,0.181055225618519,0.186449727744829,0.178499404652327,0.0140115705200623
"40","G6",3,1,3,5,0.123659771481418,0.629965519921291,0.173092465793307,0.190972361223108,0.157271137423127,0.0203019734992871
"40","G17",4,1,4,4,0.105727228950397,0.638485943012433,0.160342472686263,0.163014529101081,0.177016406628333,0.00708285980298302
"40","G5",5,1,5,5,0.104473432982266,0.614345022016015,0.16818169016455,0.156719613884519,0.203970606355357,-0.0149640614364357
"40","G37",6,1,6,4,0.119003601312356,0.630527330086565,0.170220551486818,0.183682250541174,0.16447759842847,0.00840467407655376
"40","G23",7,1,7,4,0.104591050949113,0.624356548071289,0.164461623372845,0.159180350449402,0.194429013989597,-0.0406440716513011
"40","G26",8,1,8,5,0.105741396818276,0.628079495934684,0.163870405525522,0.161589243897071,0.187365328011103,-0.0107693214417741
"40","G36",9,1,9,3,0.114484963372994,0.616653989018208,0.172728466939432,0.17362859880238,0.184067535824296,-0.0197440420912933
"40","G38",10,1,10,4,0.111315754624847,0.614628576218145,0.171793179997654,0.167615040103887,0.192944177542452,-0.0201896501378562
"40","G4",11,1,11,3,0.12995785289454,0.611227977398173,0.183223266526467,0.197363909421404,0.165635622248342,-0.00988754242698683
"40","G1",12,1,12,2,0.115192863537833,0.611548647663268,0.174894874910753,0.173941839696582,0.188409360145874,-0.027632473290455
"40","G89",13,1,13,2,0.110568185910098,0.622301518417895,0.168457571306153,0.168571621945571,0.186526697362568,-0.0612528677242567
"40","G85",14,1,14,6,0.0770510128877561,0.637675417469308,0.144884915333679,0.116264828391649,0.224847045530021,-0.0558543151479842
"55","G51",1,10,127,7,0.139862130335761,0.533309998618057,0.216943121057019,0.200024032406602,0.226397410488803,0.149407828691713
"55","G92",2,10,128,4,0.156326213692523,0.546212839720361,0.221002735812655,0.228444449962845,0.188556314622689,0.151330797336233
"55","G37",3,10,129,4,0.155014082289598,0.528521008683792,0.227262082183365,0.221750515673492,0.209478335122978,0.0794386834197497
"55","G96",4,10,130,3,0.149175088170436,0.550862160903602,0.215288166641841,0.218259807397754,0.195104439099452,0.0356290421176572
"55","G35",5,10,131,4,0.148407865999599,0.547808783285603,0.216028775188228,0.216148426620014,0.200002618688855,0.091955105238114
"55","G13",6,10,132,4,0.135402690190318,0.542125511342638,0.21077056160974,0.195289702478613,0.2248964231031,0.0892589796986095
"55","G3",7,10,133,4,0.126286410601562,0.542006985555191,0.205914404267976,0.18061890888206,0.239640378651348,0.0492742237570609
"55","G40",8,10,134,4,0.14357887215006,0.554542619382651,0.210882329157196,0.209660659103329,0.200354614367602,0.0259491382227678
"55","G58",9,10,135,4,0.152079455951496,0.541326686713315,0.220442654676848,0.220713510112164,0.200162626722234,0.026682394942624
"55","G76",10,10,136,2,0.175187313206272,0.517262784446946,0.242626554719551,0.250973419943804,0.190513927221414,0.0825677750940133
"55","G95",11,10,137,3,0.137634681304008,0.546828109649202,0.210114772253993,0.200012286265084,0.217158750055207,0.0582147648560597
"55","G31",12,10,138,3,0.13622191097548,0.530892535857724,0.215441818184335,0.194520786918981,0.235119075726752,0.0593365217614304
"55","G32",13,10,139,3,0.163376987951681,0.528665124014235,0.231716201430897,0.234851852119562,0.197624623452195,0.0104258071692508
"55","G24",14,10,140,3,0.139291443466558,0.511806758793141,0.224676961911589,0.195317305995523,0.249435932207185,0.0953597418521017
"55","G42",1,9,113,5,0.14523047145622,0.527997201221558,0.22229545117324,0.206483606513496,0.223907929777071,0.154740617492603
"55","G15",2,9,114,3,0.158151914323535,0.554248720251954,0.219244220561613,0.232000070266312,0.178370871122794,0.101557366565598
"55","G29",3,9,115,5,0.158963766790069,0.542028875273971,0.224335618429475,0.230570770474987,0.190429266358887,0.0400918342238108
"55","G28",4,9,116,4,0.177162308298636,0.511619075296865,0.246665683196138,0.250789464306426,0.194869898355813,0.0427988542472492
"55","G5",5,9,117,5,0.171889414966115,0.510327440633537,0.243614435340782,0.244052447033888,0.203421783745948,0.00897752758532824
"55","G17",6,9,118,5,0.151410137908944,0.569705396197292,0.20946159992513,0.225785628258222,0.173129324631949,0.112118531759405
"55","G12",7,9,119,4,0.139181304292149,0.542033508195319,0.213074549120122,0.20063470564159,0.219758708754747,0.138279024355579
"55","G97",8,9,120,3,0.137574987505652,0.539806909397758,0.213075973814169,0.198002226016052,0.224212306697728,0.0625717663477676
"55","G39",9,9,121,3,0.148660002043034,0.558955148155754,0.212067604331915,0.218756378198354,0.187553052613138,0.104473416082088
"55","G72",10,9,122,4,0.168866895926743,0.541431477258107,0.229924080708689,0.246339253630706,0.175022315899328,0.107093836867895
"55","G18",11,9,123,3,0.155449006686128,0.533193219502401,0.225501453193056,0.223701812897974,0.205643493113867,0.0717813796451057
"55","G10",12,9,124,5,0.136147703620835,0.549888782635542,0.208399861920985,0.197542716665195,0.216407636121149,0.0790145161270613
"55","G67",13,9,125,3,0.145990993377094,0.559679644430625,0.210515798357044,0.214012557936208,0.191664242429874,0.0830755289990818
"55","G30",14,9,126,2,0.149593904110888,0.497453119256643,0.235959866526995,0.208205974300879,0.248636585553656,0.157003376985196
"55","G38",1,8,99,5,0.159280214210962,0.522158644017452,0.232458125910173,0.226577718293285,0.209143586131278,0.182902033831768
"55","G6",2,8,100,5,0.15119962336151,0.559155377715128,0.213357474609618,0.222691825279424,0.18407664413024,0.107618186723705
"55","G1",3,8,101,4,0.173170949741148,0.546881732357599,0.230191222699079,0.254363989678535,0.164407919564922,0.0529465347546569
"55","G2",4,8,102,4,0.14763024756657,0.541470157713627,0.218310244609794,0.212755281419926,0.208641172846528,0.0730833930635429
"55","G4",5,8,103,4,0.146059572519814,0.542137221201033,0.217066139382059,0.210699243849652,0.209358582331037,0.104825404198208
"55","G11",6,8,104,6,0.142318948565177,0.587614911504827,0.198087617691466,0.214148897799921,0.168970720210687,0.0645810421339258
"55","G14",7,8,105,5,0.159124199152898,0.558347995804584,0.218003285776931,0.234933986498142,0.17393520592291,0.090563324894535
"55","G74",8,8,106,4,0.154375987869808,0.567847296132993,0.211887039119227,0.229591754849212,0.170518707049627,-0.0189340084129452
"55","G65",9,8,107,5,0.159288365431051,0.544516664876939,0.223421076981164,0.231962478970369,0.187244093826532,0.0374338320103061
"55","G49",10,8,108,5,0.140353783250528,0.547119629200061,0.211859629454095,0.203241204588474,0.212969773458206,0.10927509314164
"55","G8",11,8,109,4,0.17998013706934,0.525074069346324,0.242264483953169,0.259892197634253,0.176424382627961,0.0598589099453462
"55","G7",12,8,110,3,0.160537675744983,0.544559853647531,0.224054745418347,0.233803176217196,0.186395640017087,-0.00865173435851308
"55","G77",13,8,111,3,0.167447609556107,0.554907494365029,0.223793755444037,0.247576297020631,0.164126603639464,-0.000380784203340853
"55","G79",14,8,112,3,0.15072501906897,0.493858249252578,0.23804326219516,0.209019952816552,0.251050934844691,0.135554288819572
"55","G23",1,7,85,3,0.155862405713796,0.512524319146722,0.23413722397179,0.219280259848338,0.224335989119784,0.160758342001871
"55","G55",2,7,86,4,0.169244544962303,0.530099765234542,0.235323365988942,0.242287043675056,0.187879969369648,0.154227207750689
"55","G86",3,7,87,4,0.176583368025714,0.544492428972858,0.233072427658802,0.258995819465359,0.161761382441356,0.0772475485174677
"55","G46",4,7,88,5,0.171209178050086,0.52830502186256,0.236330609852235,0.246725605540888,0.185425049346476,0.0536763472740898
"55","G66",5,7,89,5,0.153690408214505,0.583783593455768,0.205451385743943,0.232273530934254,0.156464928855414,0.0057570579613049
"55","G25",6,7,90,4,0.16564449808347,0.532280833706148,0.231901078274259,0.238313623936683,0.191093115150566,0.0940040946166483
"55","G9",7,7,91,5,0.123499259258892,0.535528000997582,0.206796746714422,0.175131793096443,0.251187750470069,0.100550772500228
"55","G16",8,7,92,4,0.163201490953483,0.549235283742893,0.224002387044423,0.238605186087733,0.176241510402932,0.163495175379587
"55","G26",9,7,93,5,0.132641196644202,0.562838157512616,0.201623613025392,0.194439347854727,0.209312650917046,0.0982994554372329
"55","G93",10,7,94,5,0.138257373712079,0.568041880110003,0.203035059227332,0.203878190408137,0.193620447277024,0.118916276703677
"55","G82",11,7,95,5,0.147388401703716,0.548241164326242,0.215445610504531,0.21405225783312,0.202015440683269,0.186859849479259
"55","G87",12,7,96,3,0.191105506504542,0.491193350841319,0.261966603975845,0.268578963190711,0.195135099948673,0.0395733225336489
"55","G19",13,7,97,5,0.150659289656582,0.555748887326966,0.214323222195507,0.221067826352366,0.188778815816092,0.0945307570365539
"55","G71",14,7,98,4,0.144389961841002,0.503193739750689,0.230873847810481,0.201239554791332,0.251072676947615,0.133681625125957
"55","G29",1,6,71,4,0.141125449185422,0.530889820469988,0.219239722101255,0.199401280668325,0.229567706823694,0.130141184456932
"55","G21",2,6,72,4,0.144441115806658,0.589433486340426,0.198688876396451,0.217639606720529,0.163436744797618,0.0956600308266716
"55","G60",3,6,73,5,0.154723532314078,0.552954227117488,0.217725138560078,0.226454212782095,0.186840060255747,0.0579512116381205
"55","G20",4,6,74,7,0.173944045077064,0.524619249894698,0.239659892099649,0.248699132836697,0.187871590213784,0.0715262512768961
"55","G68",5,6,75,6,0.147350127828741,0.538920937632428,0.218791085377692,0.212558655809396,0.210701759173996,0.0429148631114526
"55","G34",6,6,76,3,0.162676106094105,0.544057318545163,0.225628697769632,0.236857935232494,0.182740573375551,0.165612732299554
"55","G33",7,6,77,5,0.143213021178831,0.570268078172045,0.204826071007021,0.212245115331096,0.186243529366717,0.0828875730216446
"55","G43",8,6,78,5,0.165343153222376,0.547736039970589,0.225583582290691,0.241948878265509,0.175154279088342,0.059459957411042
"55","G61",9,6,79,4,0.123587956572123,0.561930032572114,0.196901441823539,0.18021197061915,0.224272738996227,0.129265675900654
"55","G36",10,6,80,3,0.0790240507320211,0.560312881997445,0.171705058351271,0.113137876921775,0.297281178712064,0.094064992285313
"55","G73",11,6,81,6,0.0983250709520777,0.576015035803588,0.177780485108489,0.142929585567407,0.250119239636689,0.0877922032421948
"55","G50",12,6,82,4,0.160566748317749,0.534555882287558,0.227931431252708,0.231798623393059,0.194889538083121,0.106232377400393
"55","G41",13,6,83,5,0.14506308687055,0.511521671064198,0.228092225446907,0.203558088133798,0.241288176041077,0.125756815695001
"55","G27",14,6,84,4,0.141162617361849,0.505241849185336,0.228187677403072,0.196906755511235,0.253600294814543,0.126488210360944
"55","G59",1,5,57,4,0.158503948841106,0.530664112242035,0.228449917303614,0.227573873165187,0.202132375026353,0.103029936131932
"55","G25",2,5,58,4,0.183252429903327,0.5366442320966,0.23963120207826,0.267698046899112,0.160776321673092,0.0379347189462162
"55","G54",3,5,59,5,0.177465742742686,0.538283898465314,0.236026632454189,0.258468930124551,0.167427279824771,0.0654926622751514
"55","G90",4,5,60,3,0.168543122643056,0.540162646898972,0.230247735935275,0.245248808999872,0.178385785418515,0.0275082959710959
"55","G83",5,5,61,3,0.16824963306442,0.554043823274057,0.224591073824503,0.248584343993095,0.164706199645171,0.0274513474446149
"55","G80",6,5,62,4,0.135596542411375,0.565590459066867,0.202403751085321,0.199474433125581,0.200995672300974,0.0923612273811115
"55","G97",7,5,63,3,0.112394518689763,0.530704854539586,0.202286248704674,0.157558589634352,0.274334079003867,0.0854574132864418
"55","G21",8,5,64,3,0.161134158541308,0.545525042219051,0.22403917785279,0.235177073465241,0.183510852392643,0.104403077836535
"55","G32",9,5,65,3,0.14710601647681,0.550368141074783,0.214550034557091,0.21397694020239,0.199767122590524,0.0878963807104889
"55","G70",10,5,66,4,0.165715615039557,0.547158284165745,0.225867440654489,0.242936908114062,0.174538597293933,0.0778155537843204
"55","G96",11,5,67,3,0.163452033106356,0.560324038909346,0.219560302497153,0.24257692221206,0.165493405840131,0.112264839575335
"55","G81",12,5,68,3,0.177808980100633,0.531186715607304,0.238629333363416,0.258204731044232,0.173200409032413,0.00528243775889162
"55","G15",13,5,69,3,0.139657668022745,0.547876319508786,0.211184041043921,0.202522460894048,0.212081372272011,0.120934937124813
"55","G13",14,5,70,3,0.138850180995091,0.509749595190124,0.225444612279753,0.193533040399082,0.252465598738702,0.116703599592985
"55","G28",1,4,43,4,0.139775632290802,0.53353889915913,0.217089461408562,0.198738844295623,0.228018169409042,0.0917371403789264
"55","G22",2,4,44,4,0.182358450918042,0.521640555055168,0.245964795300314,0.260469182240362,0.177670377313633,0.052272187829428
"55","G94",3,4,45,5,0.16176528244862,0.551392573395091,0.222082728064975,0.237790947888191,0.176057476999756,0.06278387230019
"55","G44",4,4,46,4,0.162512186138974,0.548578282854945,0.223754982863762,0.237602856366568,0.178408499536738,0.0113330580423649
"55","G47",5,4,47,5,0.164519878986413,0.543516745394126,0.226674643283422,0.239823483567498,0.181331173084101,-0.00129574223898521
"55","G75",6,4,48,3,0.151069073850848,0.587144980193654,0.203019567880587,0.228177879361693,0.156047196321115,0.0287271495369894
"55","G10",7,4,49,5,0.142130952775408,0.542792269415886,0.21464007213726,0.204366576722607,0.216774473823614,0.107198789702193
"55","G9",8,4,50,4,0.159489490938176,0.545468037070765,0.223378638213361,0.232364798710235,0.185386851740886,0.0745302933916761
"55","G33",9,4,51,5,0.156048712454373,0.560090880365938,0.215723633622209,0.230316990860689,0.176818918782115,0.0487642886386581
"55","G69",10,4,52,4,0.18326733068153,0.540494920943099,0.238259819523396,0.267991768767148,0.158049969004552,-0.0336327468248055
"55","G24",11,4,53,3,0.164477305934344,0.549173538465788,0.22447837518748,0.241287906921426,0.175914981081243,0.0534498481139698
"55","G88",12,4,54,2,0.152974809764131,0.546358835330406,0.219273629976818,0.222391652561783,0.194619785846662,0.0768329521172754
"55","G63",13,4,55,6,0.123467699837149,0.589152373526705,0.187099450293758,0.184672932000375,0.196180306115081,0.137118296664778
"55","G42",14,4,56,5,0.151992864347108,0.512538622791666,0.231672755651412,0.214122674146572,0.229373534362755,0.134545517362061
"55","G62",1,3,29,4,0.151265650243858,0.522346179143964,0.228086206230739,0.213560139187999,0.22201344411409,0.128924080583545
"55","G8",2,3,30,5,0.150127026256304,0.572256639552452,0.20809996721111,0.223445141905808,0.172390130602733,0.0706810403312628
"55","G57",3,3,31,4,0.162835322602131,0.545519099693508,0.225035389635605,0.237652331567807,0.181073789083848,0.0100835572682749
"55","G30",4,3,32,4,0.160226969201182,0.548565238089409,0.22248583748019,0.234364418798301,0.181529400479353,0.0455138941849407
"55","G34",5,3,33,3,0.143392340048268,0.55346407905634,0.211534872390436,0.208096854188012,0.203059179180396,0.133603874485424
"55","G84",6,3,34,5,0.142662976674636,0.592828371518779,0.196446017089471,0.215540209390833,0.163116602919375,0.12247065114352
"55","G16",7,3,35,4,0.158193822624431,0.548846474529903,0.22128906836213,0.230858434366462,0.184525783715684,0.118902252769239
"55","G53",8,3,36,5,0.166759715317139,0.548986508497591,0.225747135936853,0.245025353133829,0.171324981153966,-0.00142356351276992
"55","G52",9,3,37,3,0.146362667567632,0.559338032105617,0.210681395510353,0.214948351469934,0.192322819561954,-0.028501836149687
"55","G3",10,3,38,3,0.170352338639116,0.529355173682874,0.235661088905467,0.245077010233551,0.186083402408102,-0.0184471262565976
"55","G31",11,3,39,5,0.164675412468182,0.533139822526992,0.230756337720782,0.237627933983154,0.191944636486662,-0.036650509778376
"55","G45",12,3,40,3,0.17241325356686,0.52193419022011,0.239680479598513,0.246404880057919,0.191511259051117,-0.00314717564260093
"55","G20",13,3,41,6,0.138960307885935,0.555087979863662,0.208405330467565,0.201776753863252,0.207690830392514,0.0271068983519906
"55","G2",14,3,42,4,0.152927789175202,0.50015862875975,0.237039544077751,0.212988905464247,0.240553056014795,0.114847912950737
"55","G12",1,2,15,5,0.156657210673288,0.525507831986466,0.22977842160502,0.222504349294609,0.210867527765507,0.0958890793684485
"55","G22",2,2,16,5,0.176848721908361,0.551114881016748,0.230967431078554,0.260048730719302,0.155432114452483,-0.00403521444906964
"55","G64",3,2,17,5,0.18339210239844,0.552033262797361,0.233925764944942,0.271328726871947,0.145045515806173,-0.0431882666678165
"55","G27",4,2,18,4,0.172398483842927,0.539255701720441,0.232777770262273,0.251074158388056,0.174308075486262,0.0465157944071824
"55","G11",5,2,19,5,0.14756702491726,0.541938695293919,0.218530358517279,0.211580077405106,0.209033245588209,0.0304830137679399
"55","G56",6,2,20,5,0.162863272672205,0.58164740014147,0.211488031123024,0.245802389955667,0.144062597421117,-0.0616400553519906
"55","G14",7,2,21,4,0.165134942993318,0.533461002630803,0.231329716201524,0.237334805475511,0.191533027856764,0.102503848241335
"55","G91",8,2,22,2,0.155695111720066,0.551804517188258,0.218768590899609,0.227645386424649,0.185233181763989,0.0295014427497072
"55","G48",9,2,23,5,0.14092801893497,0.577794165161024,0.200965818881648,0.20959133033411,0.181379825639489,-0.0327190502090458
"55","G39",10,2,24,2,0.18205811946085,0.519803934162079,0.246022391573149,0.260293092400546,0.180169342845946,0.0425491495917695
"55","G19",11,2,25,5,0.159728843481481,0.553009191369294,0.220431472218879,0.234576211656331,0.179441175058888,-0.0428854667449881
"55","G40",12,2,26,3,0.158159782577399,0.554968863079076,0.218795007208561,0.232639445230253,0.178274417641551,0.0536420173404474
"55","G18",13,2,27,4,0.14557129762034,0.558254516067863,0.210924067838425,0.212722237567614,0.194035294744566,0.0434007501748655
"55","G41",14,2,28,5,0.143934659004492,0.507775854935222,0.229067014992513,0.200908511822278,0.246244681289812,0.085766848051275
"55","G7",1,1,1,4,0.123096428528505,0.564070304442503,0.196848474401414,0.177267803920266,0.223882506642893,0.049757914613578
"55","G78",2,1,2,4,0.156191367712274,0.571028521260113,0.212315068969372,0.231136891828779,0.166398447583793,0.0132696908051552
"55","G6",3,1,3,5,0.165093332151597,0.569250379371978,0.217541289033326,0.245797552389707,0.154795836850525,0.0228581812248824
"55","G17",4,1,4,4,0.166806651757555,0.560139702042293,0.221902809103864,0.246629200836181,0.160387545869843,0.0330846923299751
"55","G5",5,1,5,5,0.147316130314592,0.554339658821791,0.213840302649398,0.213394616758653,0.196872178795588,0.0510331975858436
"55","G37",6,1,6,4,0.150598308542846,0.570664751452775,0.209260557869798,0.22250077532427,0.174701538820073,0.014243689734273
"55","G23",7,1,7,4,0.156641908318872,0.558748992341473,0.217276990538279,0.228971679430153,0.178212481907404,0.0353093879347973
"55","G26",8,1,8,5,0.15526268171998,0.572496647564801,0.210952578441458,0.230861304794049,0.165854853143296,0.0759463949180794
"55","G36",9,1,9,3,0.150886214790943,0.575490446615964,0.207412820518805,0.224697685405222,0.168782351909445,0.0134822000481586
"55","G38",10,1,10,4,0.160459826387384,0.562953454098184,0.217395809861718,0.236940376255439,0.167136874690072,0.0136094606709483
"55","G4",11,1,11,3,0.151918605836261,0.570003743119382,0.20996891406571,0.225215032302941,0.173559092857843,-0.010687381668544
"55","G1",12,1,12,2,0.155350533003333,0.565389857742833,0.213586500567199,0.229574809618018,0.172681749769886,0.0541088994189363
"55","G89",13,1,13,2,0.126372046387306,0.574863549679854,0.194226947760208,0.185476055120962,0.20701864204655,0.0195651674127453
"55","G85",14,1,14,6,0.128847462861014,0.537994168043791,0.209359054776869,0.182469939067971,0.240571318576583,0.030390812916709
"75","G51",1,10,127,7,0.228920221985936,0.524746700038988,0.269745322958474,0.336040221612469,0.106121290034419,0.484820740404987
"75","G92",2,10,128,4,0.214170883402383,0.547645021079712,0.252734858164562,0.318828796125365,0.104875589967407,0.474282704425122
"75","G37",3,10,129,4,0.22386807332835,0.508264521402947,0.273500089565368,0.322935133920541,0.130333403032128,0.488315044853795
"75","G96",4,10,130,3,0.233834250802752,0.516820916690785,0.275133532582341,0.342250078436477,0.106752214120471,0.508259830002663
"75","G35",5,10,131,4,0.229045294156968,0.544575920703036,0.261559168146435,0.343095693163723,0.0866645139267425,0.515080736004493
"75","G13",6,10,132,4,0.205404382109303,0.562509361542152,0.241767432270682,0.309896826899412,0.101913871590618,0.448486399486131
"75","G3",7,10,133,4,0.181152360644329,0.545287124398761,0.235686069875703,0.265048381077175,0.154552877139546,0.397517953553959
"75","G40",8,10,134,4,0.240364223858867,0.518682861709842,0.277944622470695,0.353022314644941,0.0962930431758126,0.484041720652985
"75","G58",9,10,135,4,0.228190908678466,0.515506187205363,0.272558014629334,0.333183387266504,0.11622265351077,0.498879393444151
"75","G76",10,10,136,2,0.241265921783107,0.494133420698489,0.288654632772163,0.346443918445605,0.120048663059238,0.528911335050051
"75","G95",11,10,137,3,0.241005606546341,0.521466049267564,0.277124529192832,0.355182721238,0.0926859917265683,0.542367981481104
"75","G31",12,10,138,3,0.22894577849363,0.529636924399824,0.26727006829897,0.338400470487451,0.102409371056761,0.492252377712382
"75","G32",13,10,139,3,0.215392181956804,0.502767755277827,0.271162628016623,0.309007672104986,0.14719739762464,0.400612764984239
"75","G24",14,10,140,3,0.215355321574274,0.515588151549144,0.26589846543108,0.311538127824531,0.136349726119414,0.418341565665618
"75","G42",1,9,113,5,0.241191199904082,0.516372399588541,0.279820311882701,0.352874351104577,0.0981889736553104,0.5529785591965
"75","G15",2,9,114,3,0.210271695099418,0.533767184135716,0.256215870755473,0.308174601294424,0.125186517264263,0.508919682964616
"75","G29",3,9,115,5,0.202530327623397,0.526071001584932,0.255434521675539,0.292869961658999,0.14310869080837,0.500529763549048
"75","G28",4,9,116,4,0.221185593031691,0.525456639224674,0.266204025846094,0.322615388130425,0.11574018806673,0.525716510600985
"75","G5",5,9,117,5,0.247142898478081,0.487248852818891,0.295026609064972,0.353490728446562,0.11902976201196,0.616983560274249
"75","G17",6,9,118,5,0.200950611316558,0.539109790998988,0.248752208417785,0.295856250783726,0.130876617921161,0.527988799885806
"75","G12",7,9,119,4,0.182164666507677,0.540046639061934,0.238041117237914,0.266357359765442,0.156458445656119,0.474079476957979
"75","G97",8,9,120,3,0.209752775438121,0.512745597152529,0.263981887647051,0.302366811061764,0.146658743510099,0.509807040939581
"75","G39",9,9,121,3,0.21941021799811,0.532766017988919,0.261018491850919,0.324347270941147,0.110152119965442,0.550440188143937
"75","G72",10,9,122,4,0.225109476396832,0.514506137937,0.271631270821164,0.32740677747656,0.120340136392712,0.596308058997809
"75","G18",11,9,123,3,0.246821819529537,0.516760228833356,0.282098380027931,0.363184040941867,0.0898259624702478,0.60565763634251
"75","G10",12,9,124,5,0.213813820545592,0.54305910496904,0.253836049458168,0.317799272384625,0.110593624133396,0.541234234973125
"75","G67",13,9,125,3,0.190864009503763,0.535231293420274,0.244714745577078,0.279420289827125,0.148679119197862,0.407058768978411
"75","G30",14,9,126,2,0.227472275109647,0.505061662536364,0.276706586505492,0.32762586408789,0.130170208894424,0.471067767593566
"75","G38",1,8,99,5,0.247795580600125,0.507500106750563,0.286881340143,0.360153248817163,0.099442392016914,0.580246683615819
"75","G6",2,8,100,5,0.224464959028236,0.53685924803974,0.262187661204244,0.33264106017931,0.101813758414505,0.571644190724396
"75","G1",3,8,101,4,0.244719330073674,0.515686026989335,0.281570826577916,0.359105415192645,0.0940813546761696,0.570013175454462
"75","G2",4,8,102,4,0.24166518729689,0.504952344634427,0.284378875954133,0.351007921109927,0.109108334344788,0.510848440747652
"75","G4",5,8,103,4,0.235727718774363,0.512857309648035,0.277931472325393,0.343709298824922,0.109432276565989,0.470470553345182
"75","G11",6,8,104,6,0.211816556199855,0.576403811945507,0.239800487737044,0.324624349026676,0.0798377746961795,0.633583182859592
"75","G14",7,8,105,5,0.238495225828254,0.522836669774761,0.275081818474089,0.351928149310895,0.095476903790383,0.517154556251526
"75","G74",8,8,106,4,0.230755341803554,0.539524782168338,0.264024624886852,0.345331348978274,0.0894881531543009,0.585531431662106
"75","G65",9,8,107,5,0.241547647089621,0.532060998842126,0.273035208123612,0.359676183134729,0.0815369969845392,0.60841724341523
"75","G49",10,8,108,5,0.214545509114563,0.518149618598748,0.264237655437058,0.312180760886504,0.131930551344581,0.557360797348646
"75","G8",11,8,109,4,0.239860139570232,0.513872031376931,0.279713378142294,0.350789898737891,0.101662936436721,0.643161591146895
"75","G7",12,8,110,3,0.239253880560214,0.500444641767782,0.285040585749942,0.345249452857047,0.116110561152723,0.598593436954179
"75","G77",13,8,111,3,0.22963047638697,0.515536884706917,0.273369514826981,0.335405954280705,0.113697395723168,0.580815080956744
"75","G79",14,8,112,3,0.231989073264446,0.509703488799329,0.277315127157532,0.335804603013644,0.11984631797076,0.486481669203099
"75","G23",1,7,85,3,0.261332127120644,0.48581923531775,0.302825467774932,0.375090661640456,0.103404587255331,0.579077693315222
"75","G55",2,7,86,4,0.255266160629469,0.506095255685957,0.291182012413422,0.372688261298286,0.0904599413948918,0.585165089056079
"75","G86",3,7,87,4,0.254072055605423,0.51305408077558,0.287670939529968,0.37352365794429,0.0847228244209248,0.596313701026202
"75","G46",4,7,88,5,0.240806308661313,0.499255302713068,0.286244475009877,0.347543366477761,0.115149712641645,0.570154196197707
"75","G66",5,7,89,5,0.226493348341655,0.577637575929698,0.247009819867813,0.350157989505012,0.0563106155122481,0.69802075900417
"75","G25",6,7,90,4,0.239736199744992,0.506922566100285,0.282792163605172,0.347333092690356,0.110869498701282,0.635029969647694
"75","G9",7,7,91,5,0.243874881517332,0.514009188990257,0.281973671938542,0.356064195581323,0.0990050343992011,0.586553784772254
"75","G16",8,7,92,4,0.230456915963584,0.536281378460014,0.265431548608069,0.34291129847094,0.0932372371202931,0.542636587969854
"75","G26",9,7,93,5,0.184538116605102,0.565301640671173,0.229973953355349,0.274917539061478,0.131127781119242,0.469489254997809
"75","G93",10,7,94,5,0.209635455636324,0.562971691524676,0.244276972216403,0.315720229797047,0.0945208686224538,0.602510014524805
"75","G82",11,7,95,5,0.216763368529926,0.536334143567505,0.258364495723794,0.320093844551783,0.111333483172602,0.595090121220411
"75","G87",12,7,96,3,0.265275273128375,0.487554985306859,0.304202877679815,0.382110482459456,0.0960081375917778,0.592734290511657
"75","G19",13,7,97,5,0.229568945531714,0.511731958553585,0.275079618447371,0.333318823672329,0.118809266515206,0.559494128420556
"75","G71",14,7,98,4,0.222473627364914,0.517068174103362,0.269218629421432,0.322586488530186,0.126667856368677,0.48256001163587
"75","G29",1,6,71,4,0.231849308776863,0.555832901159637,0.259668560225077,0.348415715616276,0.0724029452547084,0.599718347908591
"75","G21",2,6,72,4,0.172628502418402,0.559869980689699,0.225938171711569,0.25404570019722,0.154144062953125,0.43602034949219
"75","G60",3,6,73,5,0.220210180776023,0.534005385950834,0.262010960570388,0.323555530991207,0.10972398449683,0.543023089462156
"75","G20",4,6,74,7,0.219037921332906,0.541344105719833,0.258013191708911,0.324468727175842,0.104268568439958,0.546967305646214
"75","G68",5,6,75,6,0.238726367343176,0.533832843785907,0.270803521416609,0.355760400957939,0.0830504637096023,0.662069791020069
"75","G34",6,6,76,3,0.23428261881237,0.514614993852213,0.276392797272417,0.342070634428207,0.108319994033419,0.557630782156105
"75","G33",7,6,77,5,0.242428382651257,0.527056946194146,0.275718081722424,0.358712298380899,0.0856287719637546,0.574597116016613
"75","G43",8,6,78,5,0.241956813376553,0.531996567341072,0.273645483002172,0.359992533947396,0.0812720485831572,0.627760702934018
"75","G61",9,6,79,4,0.190010546810201,0.573808100553498,0.228989418674577,0.289347652561479,0.112449686804444,0.475947543706327
"75","G36",10,6,80,3,0.156641446905641,0.554391209659313,0.218466950587088,0.229205691534959,0.182187619503289,0.283068380387405
"75","G73",11,6,81,6,0.140043474525574,0.559485555879739,0.20780154692382,0.203343961092058,0.201330786552452,0.388199442869219
"75","G50",12,6,82,4,0.194664825415541,0.547741981911151,0.242259974199397,0.286629145115116,0.133844800684713,0.524205893518881
"75","G41",13,6,83,5,0.168782118806005,0.498661572945825,0.247332609398174,0.235077847259244,0.219477520110797,0.394504873199501
"75","G27",14,6,84,4,0.226974578002487,0.506123166255395,0.275972286154682,0.3270283240929,0.130129784430235,0.503321066761671
"75","G59",1,5,57,4,0.261281451780085,0.500280570559554,0.296635965048557,0.380524406075034,0.0881598367896654,0.559514100583976
"75","G25",2,5,58,4,0.245236751481597,0.51286159909646,0.282867261797937,0.358958056518396,0.098046340751109,0.563473901301408
"75","G54",3,5,59,5,0.252120041862759,0.528009047158136,0.280554369106671,0.375484295074738,0.07165848262022,0.702923246895342
"75","G90",4,5,60,3,0.243752002391515,0.534439264609836,0.2734750407122,0.364231779958371,0.0757392600195853,0.660490590053202
"75","G83",5,5,61,3,0.236789968183474,0.541183803233369,0.266916688204985,0.354785402274843,0.0787966867246355,0.58515297079545
"75","G80",6,5,62,4,0.193512708035511,0.574190970599281,0.231185810582745,0.292922888625928,0.107126548786118,0.559177906406029
"75","G97",7,5,63,3,0.203389911939749,0.509312395724273,0.261866023905664,0.291204529207026,0.159137204917316,0.499504767412399
"75","G21",8,5,64,3,0.244905381144837,0.50700714920086,0.285390070529989,0.356129280854035,0.103005519295355,0.537359848074839
"75","G32",9,5,65,3,0.224108280383521,0.528047183425335,0.265465387732156,0.329833318726632,0.110384410863089,0.543926984283291
"75","G70",10,5,66,4,0.234934133080318,0.497549206878054,0.283473236932172,0.338550508418051,0.124633349413198,0.496178024129694
"75","G96",11,5,67,3,0.235250419423489,0.522162554577397,0.273818241755397,0.346092272913712,0.099565265462317,0.551540009998311
"75","G81",12,5,68,3,0.24043131449806,0.496790314409897,0.287190443938623,0.346103591974691,0.118613862347812,0.50494165407244
"75","G15",13,5,69,3,0.219772228832381,0.568114485401365,0.247245945273805,0.33547810997456,0.074642717144352,0.550033811104687
"75","G13",14,5,70,3,0.224894133934986,0.514453137735451,0.271282299480499,0.326788513638573,0.124588688588542,0.489323241791482
"75","G28",1,4,43,4,0.234845254001854,0.504085977068491,0.281044465717173,0.339398331701877,0.120188786904323,0.510186333158529
"75","G22",2,4,44,4,0.218633041919081,0.512587656872201,0.268945999140147,0.316785158058181,0.13223340554882,0.530075529281056
"75","G94",3,4,45,5,0.237634639702634,0.521463577127193,0.275377342707979,0.349636331072372,0.0967424195730913,0.650130184595338
"75","G44",4,4,46,4,0.255201788513882,0.505714002701858,0.291230626910458,0.372383868458209,0.0900459083971437,0.613316332925793
"75","G47",5,4,47,5,0.258684848111506,0.503487566708508,0.293935664006946,0.377314344244501,0.0880046004227797,0.632033180830504
"75","G75",6,4,48,3,0.235914499761868,0.543743247726611,0.265400531284384,0.354150400373785,0.077319157372837,0.616766739662773
"75","G10",7,4,49,5,0.247631845919589,0.523479485725614,0.279989002977717,0.365651436333787,0.083476481383243,0.591577962151161
"75","G9",8,4,50,4,0.243343849943682,0.528796869674384,0.275697113059729,0.360677958079808,0.0836919421275292,0.540659448283931
"75","G33",9,4,51,5,0.229821981645424,0.530282447262873,0.267526805795445,0.339950826642101,0.0992646723190229,0.527222801160118
"75","G69",10,4,52,4,0.221390705621304,0.50824254185009,0.272305741891622,0.319761646920804,0.133317334818628,0.505406448925554
"75","G24",11,4,53,3,0.230983271591466,0.523451486664554,0.271094819393643,0.339972282711454,0.104225934360038,0.527128440397043
"75","G88",12,4,54,2,0.232465198379656,0.55177141729795,0.260287703250136,0.352346754900102,0.0737542333872798,0.602274498021497
"75","G63",13,4,55,6,0.226587812911486,0.557651531352529,0.25488353415462,0.343897781942663,0.0756576977768579,0.566882025060006
"75","G42",14,4,56,5,0.229558411097979,0.514762341179009,0.273758331103988,0.334082452144639,0.117910380120574,0.507809957864651
"75","G62",1,3,29,4,0.25036592829981,0.494881195540426,0.293382742135329,0.360706419739863,0.107687529378826,0.544413681665719
"75","G8",2,3,30,5,0.211340058622138,0.540490804793115,0.253547673400324,0.313647927039231,0.113695149663475,0.5264627533761
"75","G57",3,3,31,4,0.233494666543551,0.514604715054099,0.275887769993752,0.34105229090588,0.11026043703107,0.581788051434711
"75","G30",4,3,32,4,0.224423490480342,0.505326429299303,0.274660827670551,0.324517392914389,0.131495815872332,0.526450157182826
"75","G34",5,3,33,3,0.218619618820444,0.523978612401792,0.264371382693936,0.319567011479598,0.121643011729512,0.514614409983696
"75","G84",6,3,34,5,0.237518127171639,0.551351724593273,0.263166332678086,0.35934389269782,0.0681771410934312,0.547125050470367
"75","G16",7,3,35,4,0.254844024338349,0.517325130025245,0.286134526094189,0.376146256673412,0.0794115857718509,0.589163207501952
"75","G53",8,3,36,5,0.252621827382909,0.536462329323754,0.277133999359653,0.379507277241362,0.0628363709939199,0.606418315039948
"75","G52",9,3,37,3,0.205584659060426,0.539173066799558,0.250940377662553,0.303696482839886,0.124921491425396,0.496205725020799
"75","G3",10,3,38,3,0.227967351453888,0.533875669461963,0.265352740367783,0.337235935241573,0.0997932376152171,0.580250379382404
"75","G31",11,3,39,5,0.259861235411316,0.503763115774878,0.294435118602818,0.379300832874618,0.0862868820781432,0.589239878245554
"75","G45",12,3,40,3,0.236462327121765,0.493131157857238,0.286225716204772,0.339545222850663,0.127126815116944,0.499673453563929
"75","G20",13,3,41,6,0.236517914251484,0.520006277639261,0.275427015647849,0.347173616367611,0.100364430520797,0.531012984098118
"75","G2",14,3,42,4,0.23103559472377,0.513798658668922,0.274829804173502,0.336379871145127,0.116688653261962,0.500947754684588
"75","G12",1,2,15,5,0.259691839135661,0.494042819675423,0.298780368390293,0.374845921768178,0.0965696429208834,0.538773956719963
"75","G22",2,2,16,5,0.231697551596735,0.522973311381807,0.271550359464323,0.340615083886548,0.103378331627787,0.589662939853234
"75","G64",3,2,17,5,0.246021448470229,0.52085783483275,0.280059222551968,0.362870318226879,0.0871689597905239,0.593853889048296
"75","G27",4,2,18,4,0.246650093280741,0.492727276370231,0.291747431061783,0.355789310757183,0.115160684755864,0.513869285929596
"75","G11",5,2,19,5,0.22679954470806,0.520720710259855,0.270166432239222,0.331746108731382,0.113688923894212,0.558598007569468
"75","G56",6,2,20,5,0.23160562582416,0.548242335279908,0.261337684830789,0.348625713518917,0.0784545919043639,0.54809680803665
"75","G14",7,2,21,4,0.258989622328775,0.49525275264593,0.297531386448913,0.375086112915771,0.0958889600153875,0.527372171203286
"75","G91",8,2,22,2,0.226137991510285,0.536200663963225,0.263278271077153,0.335183289898583,0.101016490619252,0.516138072000526
"75","G48",9,2,23,5,0.19403280250823,0.555516435728413,0.238961677480108,0.287709425199846,0.125880074493331,0.439734745048099
"75","G39",10,2,24,2,0.249961661147133,0.509644678093904,0.286795343497083,0.365284493852859,0.0933309035506946,0.498055114687665
"75","G19",11,2,25,5,0.248881800442884,0.50355348525306,0.288639007285329,0.361961799946097,0.100754332537224,0.467902369394135
"75","G40",12,2,26,3,0.226169888351657,0.52965489641445,0.265996220275686,0.333353609450029,0.105538221239824,0.491382156246832
"75","G18",13,2,27,4,0.221829976042753,0.547371799351236,0.256644742541677,0.331859664198757,0.0937139279684461,0.556383774447801
"75","G41",14,2,28,5,0.215834086562665,0.514830395300697,0.266217969797753,0.312441236207819,0.137793623292376,0.424194599020704
"75","G7",1,1,1,4,0.214234568995656,0.546859211447859,0.253173173456626,0.317734221240059,0.106973961695136,0.378572806360215
"75","G78",2,1,2,4,0.234017201436357,0.536073895687711,0.26751394642626,0.348124506142958,0.0892581445121034,0.461404754953924
"75","G6",3,1,3,5,0.237798854710697,0.52303405767919,0.274885079924105,0.349820508780336,0.0968400587643496,0.421342603700713
"75","G17",4,1,4,4,0.234098815268384,0.52425486141173,0.272350468546952,0.344329921123529,0.101455602411715,0.431491966998115
"75","G5",5,1,5,5,0.240996445437152,0.512053700081564,0.281247911073476,0.351225070079791,0.103824258101277,0.432956787367183
"75","G37",6,1,6,4,0.222677065803425,0.553001724652666,0.254596454914309,0.335696880732798,0.0867436772889141,0.454973950481744
"75","G23",7,1,7,4,0.233571685114178,0.539260992986731,0.266183394571238,0.348263724804906,0.0866940040579669,0.415073943451437
"75","G26",8,1,8,5,0.219681375718657,0.555396117987206,0.252023218357602,0.331779973377465,0.0888101075400287,0.366003918964141
"75","G36",9,1,9,3,0.218488186475929,0.561890146892018,0.249010683652076,0.331214864561823,0.0842419444904642,0.378025720426892
"75","G38",10,1,10,4,0.231304692980756,0.544482556432714,0.262580539474909,0.347115533794985,0.0835549712235993,0.389014086292983
"75","G4",11,1,11,3,0.239595203976876,0.526195489050604,0.274292590790319,0.354966735508163,0.0904565608195242,0.374747951105212
"75","G1",12,1,12,2,0.221393266080595,0.541829253222171,0.25839160205295,0.329945787128936,0.0996912933811668,0.35803990900847
"75","G89",13,1,13,2,0.210273985304498,0.56705030048672,0.242695048101726,0.318807514118653,0.0913368470183252,0.363582481509507
"75","G85",14,1,14,6,0.189664202088698,0.551745162454285,0.237573889308406,0.280549949402885,0.138600570743133,0.294628832543816
"90","G51",1,10,127,7,0.223951349546582,0.481048605253705,0.284466375274889,0.316763027344625,0.156815874523741,0.389787298675836
"90","G92",2,10,128,4,0.162790371013862,0.526737443725651,0.231837927625508,0.235643354619781,0.19834249458141,0.330093531196143
"90","G37",3,10,129,4,0.174237270342409,0.491961246736576,0.25216414880163,0.243747062045823,0.219596401947796,0.328017291495548
"90","G96",4,10,130,3,0.17632799491472,0.512518605920905,0.245148989455402,0.251271949586308,0.196331355322501,0.315274463797866
"90","G35",5,10,131,4,0.202021739960919,0.506791851442786,0.261392670940648,0.29090347364198,0.163617698494567,0.332421123389834
"90","G13",6,10,132,4,0.184744555818103,0.539709122432004,0.238990842605178,0.272082921051663,0.155766467586617,0.297249169762539
"90","G3",7,10,133,4,0.149217597157179,0.547428062245487,0.217293169374179,0.214889093215394,0.204050137249001,0.28931542183087
"90","G40",8,10,134,4,0.192330113391161,0.513092505823072,0.253949916640353,0.275756982069065,0.171210557173965,0.315832677870508
"90","G58",9,10,135,4,0.190397288633015,0.519510470821668,0.250195309535875,0.274806311484434,0.1684398442767,0.326621924853031
"90","G76",10,10,136,2,0.139510138284854,0.503546921598456,0.226829058758227,0.196460513418625,0.262175388317375,0.307445644743335
"90","G95",11,10,137,3,0.206635996114237,0.494350481973196,0.268850913678475,0.29472889114617,0.169953197255364,0.350733379816797
"90","G31",12,10,138,3,0.199829119823284,0.506460514948963,0.260146333406814,0.287638585181901,0.167158644166359,0.313333556944008
"90","G32",13,10,139,3,0.165843098126069,0.482889575611443,0.250086110198958,0.23187756025853,0.240831576699077,0.273994849428695
"90","G24",14,10,140,3,0.200022300251497,0.490400952666213,0.267353970129258,0.281691035466522,0.184994485581356,0.327931349450276
"90","G42",1,9,113,5,0.24841792435374,0.467967188766611,0.303511821793401,0.3499127752612,0.137271059390878,0.435481848846848
"90","G15",2,9,114,3,0.189608795143565,0.516346677976241,0.250705939838142,0.275276204775556,0.169996151774706,0.38899366877647
"90","G29",3,9,115,5,0.147120059932028,0.515009228185989,0.22902771960833,0.205892714227026,0.235929131096256,0.349027912117511
"90","G28",4,9,116,4,0.152438776671793,0.532538643605103,0.224586785338332,0.221241319383291,0.207754728185032,0.332854955674303
"90","G5",5,9,117,5,0.204727308564303,0.455211490078711,0.284371599561659,0.281401224153165,0.211304719645061,0.340961855975198
"90","G17",6,9,118,5,0.196128095034076,0.532667126004365,0.248658291794877,0.286943982597026,0.143481395097714,0.37595944316408
"90","G12",7,9,119,4,0.119057623811785,0.580431530982309,0.187738954971255,0.176249261052775,0.212075014645111,0.313789831981972
"90","G97",8,9,120,3,0.152837008800827,0.515914987232517,0.230519397964127,0.217798437387988,0.225080832747068,0.310981920996479
"90","G39",9,9,121,3,0.132710846975615,0.570939629375072,0.198470195077201,0.197082786055855,0.199923903605531,0.286135881062833
"90","G72",10,9,122,4,0.165711128448527,0.540620278369364,0.227549339858356,0.244797190293598,0.182637257949369,0.347082591969664
"90","G18",11,9,123,3,0.230781640909001,0.491167732956277,0.283616040727619,0.330702541576634,0.139706710080065,0.408371996302838
"90","G10",12,9,124,5,0.197291137872124,0.514603020015499,0.255670010645936,0.285197095842881,0.163326275162366,0.353752669327955
"90","G67",13,9,125,3,0.113113343815116,0.519551838297187,0.206147119151065,0.159356112295492,0.282259494507108,0.239502521787724
"90","G30",14,9,126,2,0.219380354600615,0.481172621229376,0.281808057678387,0.308543121560927,0.167266131289011,0.340796675978477
"90","G38",1,8,99,5,0.248193719774802,0.471582697844618,0.301780356083328,0.350158431055299,0.135760468514462,0.436052003503629
"90","G6",2,8,100,5,0.189946921164551,0.530154467459329,0.245522716581993,0.278239833958642,0.155224389067298,0.36450796702256
"90","G1",3,8,101,4,0.191851347373691,0.523124746172327,0.249702041918859,0.278602930223563,0.160652841029142,0.363375905394016
"90","G2",4,8,102,4,0.176374624204306,0.496494274116339,0.25161860539001,0.249341660752571,0.208082321479432,0.311884132347583
"90","G4",5,8,103,4,0.191413164655555,0.516132657606147,0.252295736079461,0.27596519747649,0.167708011484246,0.330501099212608
"90","G11",6,8,104,6,0.194304263910013,0.571212689591907,0.231852791925106,0.296700026017162,0.112301933708528,0.367251952401326
"90","G14",7,8,105,5,0.192680692644734,0.57905198206862,0.227985376080046,0.296409313019707,0.102913909194238,0.34956959068175
"90","G74",8,8,106,4,0.152708988876541,0.547294937161645,0.218222272267929,0.224116893612666,0.195321350626075,0.310178798274837
"90","G65",9,8,107,5,0.213992777090993,0.540405669733151,0.254386089981951,0.319188982653386,0.113834535812428,0.383587107131928
"90","G49",10,8,108,5,0.199214096176006,0.530706945348566,0.250184841441457,0.293209475071903,0.143456574834328,0.350785396664987
"90","G8",11,8,109,4,0.184585685865254,0.517640917936,0.247438468813404,0.266499500669082,0.178578527360331,0.35443116839011
"90","G7",12,8,110,3,0.166738498352406,0.517021219371671,0.23747941310123,0.239731804999697,0.204495131726892,0.352214855676965
"90","G77",13,8,111,3,0.112719073802807,0.544521530505122,0.196704472311267,0.162060079367597,0.258183764549719,0.320905194013958
"90","G79",14,8,112,3,0.212254054828279,0.488311556257907,0.275060619626035,0.299087063330015,0.170943035109682,0.339715198265918
"90","G23",1,7,85,3,0.246245674850854,0.458517042505587,0.306331332680971,0.342768503431174,0.152451307976773,0.421860026087447
"90","G55",2,7,86,4,0.193586606645269,0.484245574549368,0.266260949841233,0.27109577711378,0.199989741404661,0.355188535796975
"90","G86",3,7,87,4,0.16747271479948,0.521718758551715,0.236237980108534,0.241940297157032,0.198255484288622,0.321846301921398
"90","G46",4,7,88,5,0.197330598048277,0.489332755253075,0.266251123290632,0.278234404169292,0.185017830632381,0.330704050936032
"90","G66",5,7,89,5,0.176447634405935,0.577197307717131,0.220184361506692,0.268526104080931,0.129646002419224,0.363226529060536
"90","G25",6,7,90,4,0.229880391350588,0.507338645099646,0.276803866191099,0.335359142417349,0.123515365113234,0.410371082488135
"90","G9",7,7,91,5,0.231854924588481,0.481973177586701,0.288507144998175,0.328223076363489,0.148519801395131,0.398353368505833
"90","G16",8,7,92,4,0.156742012459008,0.53582001680901,0.22517987791295,0.227018164947619,0.19948195594512,0.349609497199653
"90","G26",9,7,93,5,0.192428086241711,0.513155986653883,0.254370387132657,0.275550409261351,0.171817822006772,0.330166517171143
"90","G93",10,7,94,5,0.17290238021585,0.572809677733081,0.220122069789845,0.260752165292152,0.137992852454416,0.361430633743346
"90","G82",11,7,95,5,0.173878068041622,0.557171829838374,0.226641258028324,0.259341462908058,0.151348976230283,0.403428195215493
"90","G87",12,7,96,3,0.253461860958635,0.468769896029055,0.305849125693798,0.357691188949985,0.130688448746828,0.407640949731106
"90","G19",13,7,97,5,0.187380219661388,0.495066843415935,0.258064186640842,0.265264752063518,0.195222060066011,0.383927046317201
"90","G71",14,7,98,4,0.211491182173158,0.49166561880376,0.273438056975032,0.298665376046823,0.167597485397329,0.357759541783319
"90","G29",1,6,71,4,0.237668720229236,0.53369051727774,0.271042727704003,0.353292794780853,0.0867578844383479,0.471935139869123
"90","G21",2,6,72,4,0.12856446715627,0.578017790730854,0.194247748808865,0.192510551572347,0.200646499821798,0.334563835588548
"90","G60",3,6,73,5,0.146097372860809,0.528717108926347,0.222886614390674,0.207508629834882,0.223181513266516,0.308247994034597
"90","G20",4,6,74,7,0.216816645074938,0.537091192707828,0.258458125281138,0.320297547756825,0.112040267457378,0.367043378913175
"90","G68",5,6,75,6,0.226414820921606,0.562578699639159,0.25293532153159,0.345173545325469,0.0729508168623661,0.475221248752898
"90","G34",6,6,76,3,0.144894591591517,0.539832775720148,0.216308337926395,0.212540218347762,0.213982578472663,0.394045189364421
"90","G33",7,6,77,5,0.222987888226114,0.489717833406065,0.2801145691195,0.317683731000798,0.149998159147862,0.349505296130437
"90","G43",8,6,78,5,0.198082117613628,0.503070495698667,0.261333110621115,0.281690529370813,0.172552982592918,0.361343314024049
"90","G61",9,6,79,4,0.14377441231319,0.591533712089477,0.196954775930353,0.219522319732315,0.162761548198903,0.318397107060557
"90","G36",10,6,80,3,0.147413474620181,0.565274852466948,0.207952734928451,0.221194768496851,0.188087449731811,0.334271467297638
"90","G73",11,6,81,6,0.13184688857391,0.560150228604864,0.201117731597981,0.196575210937556,0.216287732152825,0.383750447959677
"90","G50",12,6,82,4,0.188236091273465,0.505524372081436,0.254395259439447,0.268322723426685,0.18580942361818,0.419025732615453
"90","G41",13,6,83,5,0.155425350633765,0.457752629366078,0.254742594287353,0.210659894414248,0.279067305558587,0.329837294397009
"90","G27",14,6,84,4,0.212172356893434,0.483059267659655,0.277114571534189,0.29849479818854,0.173815144556673,0.388499414131523
"90","G59",1,5,57,4,0.240528428186424,0.474524161720441,0.296104786971308,0.340171785983722,0.141551570639907,0.390751134408401
"90","G25",2,5,58,4,0.17733945097281,0.508117048763974,0.24716400733971,0.253680183285029,0.197828615282439,0.332198354186916
"90","G54",3,5,59,5,0.209019017651412,0.502624812466054,0.267320382749044,0.300506059469897,0.156385517799149,0.410145606413219
"90","G90",4,5,60,3,0.225886732910885,0.548918613881347,0.257593520489361,0.341515050509304,0.0880773005042598,0.433583172674609
"90","G83",5,5,61,3,0.182229817198099,0.537484984115519,0.238728704268254,0.266623619740132,0.160449735769091,0.383748227837595
"90","G80",6,5,62,4,0.148899279247866,0.558455596828303,0.212249086711177,0.219494242714782,0.188330514154288,0.342336506131539
"90","G97",7,5,63,3,0.186904591365335,0.487085201677922,0.260777705888441,0.263004703637556,0.205436793531811,0.360116468351103
"90","G21",8,5,64,3,0.169180382876041,0.505913269968197,0.243539764707765,0.239960950157051,0.213086112548565,0.320271859145023
"90","G32",9,5,65,3,0.187579434853867,0.52956229123481,0.244524417961865,0.273690361224438,0.161187536333462,0.321831632008558
"90","G70",10,5,66,4,0.143925354686397,0.526677045682307,0.221279669092642,0.205783948085452,0.228216853961149,0.302820207385408
"90","G96",11,5,67,3,0.135275667687608,0.546982706755625,0.209118772894789,0.195729871640473,0.218976438414929,0.331329486478096
"90","G81",12,5,68,3,0.153960176954829,0.507012391789765,0.23388966481304,0.220395511629792,0.23228770262726,0.327603913804998
"90","G15",13,5,69,3,0.167997888677793,0.539805500739436,0.229272483545305,0.247053634189448,0.181165488807779,0.309232905039928
"90","G13",14,5,70,3,0.21860496538956,0.492442743239553,0.276893975735873,0.310462426355369,0.155661104626219,0.3676220920262
"90","G28",1,4,43,4,0.229590554187102,0.482185240172276,0.287120978417138,0.325327077515703,0.149334690416883,0.363235818651537
"90","G22",2,4,44,4,0.150356347367353,0.499334006263644,0.236417423923943,0.209036788162062,0.245453242362481,0.28325695716428
"90","G94",3,4,45,5,0.181777896299416,0.529806385377576,0.241604628157774,0.263606186500201,0.169000787220655,0.328565150864551
"90","G44",4,4,46,4,0.235054348685166,0.495442426026646,0.284521623885536,0.337556340656836,0.129447472426642,0.366547855678262
"90","G47",5,4,47,5,0.241112597080542,0.492224659951382,0.28856930942655,0.347330768304999,0.12556693950021,0.343022974668896
"90","G75",6,4,48,3,0.169861342285571,0.568878711533949,0.220161401336826,0.254593505274166,0.14473385698666,0.348583933328848
"90","G10",7,4,49,5,0.24129131795457,0.499710399218011,0.286200004669052,0.348096214817283,0.119387531306089,0.365767623607636
"90","G9",8,4,50,4,0.244770332742299,0.488170186597683,0.293113551315977,0.35051087630285,0.122658972517239,0.360812956711041
"90","G33",9,4,51,5,0.197061181873602,0.535339947714375,0.247548959262725,0.289717660721311,0.141928915721897,0.345672456938909
"90","G69",10,4,52,4,0.152951031234103,0.524370430845108,0.227008966792243,0.219797879724058,0.219662680800856,0.315249604273936
"90","G24",11,4,53,3,0.121539594508749,0.531576740069058,0.206310916717905,0.174241553276172,0.25836339431817,0.287067401770552
"90","G88",12,4,54,2,0.215907968651022,0.5463586141669,0.25351530494452,0.324072172446914,0.103847438239616,0.369879204586478
"90","G63",13,4,55,6,0.231203853405798,0.524716941269127,0.270023457374601,0.342411597926847,0.104905523930128,0.373980471403545
"90","G42",14,4,56,5,0.230388975850213,0.49182593123722,0.283510999298873,0.328681599933734,0.139980543114459,0.371594855719488
"90","G62",1,3,29,4,0.243221568820972,0.472153164351605,0.298872460299958,0.342777335072377,0.140352966707307,0.38925055737364
"90","G8",2,3,30,5,0.160940990417031,0.544825141712769,0.224189161694949,0.235374231853027,0.182710378903274,0.320857036582185
"90","G57",3,3,31,4,0.196379944281627,0.500160681270472,0.261129917085156,0.279812638023045,0.177020149063784,0.337199134036847
"90","G30",4,3,32,4,0.157024035512508,0.50500816072106,0.236952694365696,0.222012986008699,0.229223196183847,0.297340976367703
"90","G34",5,3,33,3,0.139437243942826,0.538736446897062,0.213455036088493,0.204137972521101,0.225196752492822,0.252876769343687
"90","G84",6,3,34,5,0.206562155824802,0.553760314946639,0.245474976498405,0.310587559171717,0.107694942871486,0.29988400438455
"90","G16",7,3,35,4,0.155111972214019,0.545992080123486,0.220118086627874,0.227489964784676,0.19208126487141,0.289318182547439
"90","G53",8,3,36,5,0.195002555439609,0.544485548982888,0.242329676757068,0.290924087205893,0.136321566904069,0.331970310526589
"90","G52",9,3,37,3,0.170917301653231,0.554683838571366,0.225831402409525,0.253240975755328,0.159205065452836,0.292993826088234
"90","G3",10,3,38,3,0.164480892756304,0.531374677500751,0.231571169374902,0.236349434493349,0.19577313048081,0.268446368950504
"90","G31",11,3,39,5,0.203855510515085,0.490490035750517,0.269036621104726,0.289229772654445,0.177166649025438,0.30330978099296
"90","G45",12,3,40,3,0.222050863061035,0.47333685772297,0.28665315404334,0.31093007829937,0.168852812812146,0.28908398762556
"90","G20",13,3,41,6,0.222760604430092,0.478605402174259,0.284608374857591,0.314436018183552,0.161198464193222,0.322590943486498
"90","G2",14,3,42,4,0.23203888347245,0.492719498014281,0.28401252884025,0.331384123621684,0.137969766827102,0.318968246793483
"90","G12",1,2,15,5,0.237758383457144,0.478020965419102,0.293451037284654,0.33593975707824,0.142506321771333,0.328608115807114
"90","G22",2,2,16,5,0.168530658708225,0.53802896651844,0.231136467583065,0.245430178227578,0.177326476178722,0.355947994073613
"90","G64",3,2,17,5,0.154645050171064,0.535898271258679,0.224231622302488,0.22292632096257,0.201918696748943,0.288752631478324
"90","G27",4,2,18,4,0.188381256731767,0.504244658642552,0.254848220182151,0.269795214401964,0.183271238785506,0.285739044119452
"90","G11",5,2,19,5,0.212758914712001,0.509972432406484,0.266772463290522,0.307266922254397,0.144920363560814,0.283149814576767
"90","G56",6,2,20,5,0.19257395607258,0.551315495205591,0.238920848831278,0.287218799099081,0.131792448315552,0.281691116696969
"90","G14",7,2,21,4,0.184257573703292,0.513703730307773,0.249780504459805,0.262554809847148,0.183253645334359,0.262170481284334
"90","G91",8,2,22,2,0.195850304038861,0.50876629787751,0.257787852933318,0.279955965193823,0.17164129146976,0.265180224373187
"90","G48",9,2,23,5,0.16513932122266,0.561992607436372,0.219827556037391,0.245579375127375,0.162403081032179,0.227558356040672
"90","G39",10,2,24,2,0.194694640587224,0.515327174308035,0.254582128621924,0.279795347719318,0.165848145382891,0.270887847490306
"90","G19",11,2,25,5,0.180064675170122,0.51428930009439,0.246282276154083,0.258021007127496,0.190446823234397,0.263503789121435
"90","G40",12,2,26,3,0.156066334487687,0.534552327363191,0.225136319198046,0.226225185062696,0.200849680429927,0.234426433138234
"90","G18",13,2,27,4,0.21645556370295,0.531815104575041,0.259638612553476,0.319977317800604,0.117749012727696,0.321168162080066
"90","G41",14,2,28,5,0.237338887098291,0.491764868964411,0.287496565588605,0.338898480133742,0.130799914989241,0.305985233653915
"90","G7",1,1,1,4,0.224963034241431,0.514651726346713,0.271241230732542,0.327499423914129,0.124977819797354,0.266573197101808
"90","G78",2,1,2,4,0.205587381318861,0.513286969366835,0.26113518709284,0.29696400220223,0.150920354664672,0.302897047647546
"90","G6",3,1,3,5,0.194899319483261,0.524131435761336,0.251104919348429,0.282387728393693,0.156646801253634,0.250908343380866
"90","G17",4,1,4,4,0.207795162767643,0.513073021906015,0.262418282602979,0.300275898446055,0.148952634151421,0.260412005578841
"90","G5",5,1,5,5,0.211759227651583,0.497187084237141,0.271283259443375,0.301596273406664,0.1603377587327,0.274941122044095
"90","G37",6,1,6,4,0.206656397893936,0.515394797808439,0.260808939556369,0.298978610338424,0.149207341486457,0.278708621506294
"90","G23",7,1,7,4,0.221518912278781,0.491177691546836,0.279030524295319,0.315192258738524,0.152720337208296,0.259973524954441
"90","G26",8,1,8,5,0.21304126746926,0.510659485745573,0.266207351174603,0.307955777356116,0.144130219795305,0.242387142301486
"90","G36",9,1,9,3,0.187685919616511,0.534902634131712,0.242336980300436,0.275171663043176,0.159090968879896,0.193985895386076
"90","G38",10,1,10,4,0.193270014890869,0.53492684022348,0.24544510392694,0.284372940156246,0.148001503212076,0.213207979494382
"90","G4",11,1,11,3,0.17969023085374,0.520778790759956,0.24323335751606,0.260323490840565,0.182617919394721,0.204521036682917
"90","G1",12,1,12,2,0.181424258998289,0.530520829248156,0.240513334427711,0.264904670642938,0.170802066930059,0.211000923894958
"90","G89",13,1,13,2,0.200696991546163,0.543052470350467,0.246451526699101,0.297867095815276,0.130273922458573,0.203099769933855
"90","G85",14,1,14,6,0.210402357009187,0.543144937514057,0.25235781122565,0.310712431391612,0.11740015293453,0.192149247023894
"100","G51",1,10,127,7,0.129318232474545,0.500931031002272,0.222948227331174,0.179455950914271,0.275397948930388,0.466815157370861
"100","G92",2,10,128,4,0.0748388462258172,0.554735053094875,0.171181282721777,0.106716024095888,0.309667998196047,0.376717254066463
"100","G37",3,10,129,4,0.107215830496462,0.507490799330802,0.207534238541281,0.148221672322657,0.304230958079001,0.39475588317158
"100","G96",4,10,130,3,0.0950983778493271,0.517457493921761,0.196147361586218,0.132808543340743,0.315431123357209,0.401441768458083
"100","G35",5,10,131,4,0.0972758493143622,0.529134314164103,0.193402601195792,0.137212116127095,0.299466665287726,0.390776499329456
"100","G13",6,10,132,4,0.112395329350785,0.530901887217868,0.201356874929023,0.16017344643293,0.273364821114513,0.381850106163175
"100","G3",7,10,133,4,0.0838678166975006,0.531129923699063,0.184793041151511,0.11758557384856,0.319973500336459,0.367140655046473
"100","G40",8,10,134,4,0.0840217400764452,0.532875912279719,0.184154066264645,0.118360733464048,0.317125550542493,0.389807867214987
"100","G58",9,10,135,4,0.0936686731155316,0.532713048045129,0.190370338327559,0.131235930306184,0.301358407579791,0.421626337458364
"100","G76",10,10,136,2,0.0834791105132329,0.532641327668727,0.183725868937967,0.117921981509899,0.319411222791141,0.361921584184864
"100","G95",11,10,137,3,0.0839562301148621,0.519987251938478,0.18857529617578,0.11738710166683,0.329602672879683,0.439798047757358
"100","G31",12,10,138,3,0.0990947245101464,0.519668917051228,0.197591584648144,0.139510090530388,0.305102219269735,0.402797237764126
"100","G32",13,10,139,3,0.0918714043505946,0.529400909103312,0.189879604648726,0.129806403446612,0.308260724094105,0.392621343907367
"100","G24",14,10,140,3,0.131220689560721,0.522497873562179,0.216161116492333,0.184604827176386,0.252583773654517,0.441765474628161
"100","G42",1,9,113,5,0.17261650134661,0.469480609042439,0.26043350665341,0.237092822937951,0.239261746977909,0.510828489163057
"100","G15",2,9,114,3,0.104243511721633,0.530289696814724,0.197135345336718,0.147330217344236,0.285374343305128,0.443522719963451
"100","G29",3,9,115,5,0.104660055032365,0.519779410537919,0.201667391929174,0.145866180821091,0.298605565259339,0.417597795328521
"100","G28",4,9,116,4,0.0967198235091458,0.537583372016989,0.190052338912809,0.138524041715198,0.290762174011212,0.425181321099603
"100","G5",5,9,117,5,0.123373562325681,0.458985148879614,0.235435615152259,0.165329234523341,0.326313303274606,0.429057821715317
"100","G17",6,9,118,5,0.129653410130509,0.493515245062849,0.226046367101168,0.178673259019368,0.282073536266115,0.454147990238391
"100","G12",7,9,119,4,0.0623672674131371,0.565630970186172,0.160181633208621,0.088906636946919,0.319845383365403,0.399087358322724
"100","G97",8,9,120,3,0.0859082576865015,0.532061083447974,0.185496869168455,0.121295351535408,0.31383241630731,0.401433786624475
"100","G39",9,9,121,3,0.0894969673414932,0.55483317539604,0.1795882426146,0.128823234246899,0.286399366709288,0.39845216455083
"100","G72",10,9,122,4,0.123404367687484,0.514208240563382,0.21401179038144,0.173967436584796,0.270562991047141,0.451259198229432
"100","G18",11,9,123,3,0.142073406592052,0.485467339417466,0.235993619716507,0.195899662136253,0.272179226562444,0.48578641485378
"100","G10",12,9,124,5,0.125960498684062,0.502280923592107,0.22015729512167,0.174458470739692,0.284494920613995,0.453173677265229
"100","G67",13,9,125,3,0.052021907978115,0.550763122567662,0.158880190550675,0.0734529281189259,0.35260171963751,0.343573605940857
"100","G30",14,9,126,2,0.157873615093181,0.513333231317549,0.235078427170423,0.222325008854304,0.220299998460857,0.46888448027673
"100","G38",1,8,99,5,0.177801956912133,0.47075842247815,0.263088618229413,0.244163888787037,0.232594286470869,0.500865703386288
"100","G6",2,8,100,5,0.111817373552359,0.533947620827407,0.200271556493599,0.158937187615896,0.269114263776351,0.421188001063971
"100","G1",3,8,101,4,0.110849297719874,0.534639135215677,0.199436300199694,0.157384475068302,0.271473408955133,0.436325180139425
"100","G2",4,8,102,4,0.0911114627406565,0.518758106090233,0.192996996461034,0.128799649957378,0.320572856978267,0.402062005695021
"100","G4",5,8,103,4,0.0843070550329835,0.497398474105291,0.197346529737838,0.114811132971064,0.351000500272783,0.401590731988737
"100","G11",6,8,104,6,0.147243961771268,0.5459484421795,0.216312177946192,0.214566935196478,0.204082902506047,0.467502249636213
"100","G14",7,8,105,5,0.124944535596241,0.548448575333306,0.20195353126279,0.182273248738609,0.236718149950672,0.439269360270362
"100","G74",8,8,106,4,0.0762135459539839,0.563816431640167,0.168949588718402,0.109200317344603,0.298545797607054,0.381457041441223
"100","G65",9,8,107,5,0.151821846301518,0.523607291743948,0.227052689493026,0.216925070260661,0.21912206070849,0.476179790220022
"100","G49",10,8,108,5,0.148477178468325,0.511658527136576,0.229614482179148,0.209968847780704,0.234969521299219,0.450788858068246
"100","G8",11,8,109,4,0.130629410671434,0.501761986892953,0.22304982371128,0.182147734064696,0.272924049405071,0.451099444460968
"100","G7",12,8,110,3,0.113783363762087,0.508104680294892,0.210352898517598,0.158818347725233,0.297160307526255,0.456031480351434
"100","G77",13,8,111,3,0.0755038878058716,0.544569496690181,0.174821878744075,0.107269034934067,0.319400634694112,0.417762108145282
"100","G79",14,8,112,3,0.14517474949657,0.515452101932746,0.226828733377278,0.204183870219335,0.237365810089158,0.44466212295613
"100","G23",1,7,85,3,0.178244068802127,0.475612073477238,0.261656538601636,0.24528800732681,0.226965606657333,0.491898207636631
"100","G55",2,7,86,4,0.113165932276227,0.510169942353464,0.209707544511523,0.157875943930179,0.291980899161978,0.407487330860678
"100","G86",3,7,87,4,0.107666698500509,0.521678169312957,0.202164397615818,0.151515718951441,0.29057357052569,0.405548826016196
"100","G46",4,7,88,5,0.113647395792173,0.506090271201737,0.211410992689978,0.158340237695654,0.294884193888169,0.416811984998062
"100","G66",5,7,89,5,0.134112854789235,0.567002527191516,0.201004506739312,0.198161311696787,0.202428172216881,0.466646922403266
"100","G25",6,7,90,4,0.165009453355268,0.498144001911635,0.243548986146108,0.235905502975133,0.225305553341113,0.516220593098879
"100","G9",7,7,91,5,0.157557973622106,0.473286552566159,0.250157044179303,0.215805142964141,0.259582739105867,0.486636408193173
"100","G16",8,7,92,4,0.0876748377175984,0.529558346932038,0.187798280042026,0.122667656767447,0.314186950079885,0.420871790295366
"100","G26",9,7,93,5,0.124213662718855,0.515845050738136,0.214916346041965,0.172895405950024,0.269520179623101,0.400702164151703
"100","G93",10,7,94,5,0.12038012156106,0.557193953868989,0.197144947041248,0.174002207462446,0.233122512428649,0.452297083836966
"100","G82",11,7,95,5,0.126583052860387,0.550985735432774,0.202734293608623,0.183439531629801,0.229925453403304,0.499337815401823
"100","G87",12,7,96,3,0.162346273258831,0.482382540958742,0.248977972729621,0.225195550508573,0.244391257011063,0.495503369852229
"100","G19",13,7,97,5,0.108305252600413,0.519955904625587,0.203269824465916,0.151864868398933,0.289763824139304,0.451844800524001
"100","G71",14,7,98,4,0.154931535647406,0.516940115747316,0.232179162402773,0.218352120183946,0.221640277531516,0.47237140408085
"100","G29",1,6,71,4,0.180548107496165,0.530848260281086,0.241484108836834,0.261126680564905,0.167794635493427,0.514787018387419
"100","G21",2,6,72,4,0.0790776392648477,0.60037471534308,0.157763998779451,0.119340765602444,0.257697043665751,0.389941037682146
"100","G60",3,6,73,5,0.0769484157675461,0.543732880106691,0.176418370371522,0.108728570716491,0.319968291536039,0.362943600473001
"100","G20",4,6,74,7,0.163818687842345,0.514329094620612,0.238133079440264,0.231592284110707,0.21226519097184,0.423566102728685
"100","G68",5,6,75,6,0.17995202172072,0.53391351773864,0.239497341957267,0.261082517569551,0.165590424411221,0.519667596260659
"100","G34",6,6,76,3,0.121743571297887,0.545713814428153,0.201358864022684,0.176720380585784,0.242750035005613,0.460680110469347
"100","G33",7,6,77,5,0.11680168791063,0.513792123987959,0.210774004342009,0.162952688444843,0.282305777746542,0.411419659229367
"100","G43",8,6,78,5,0.115059186822595,0.514535184981694,0.209756208379253,0.160094141189022,0.28277701281119,0.425922126179451
"100","G61",9,6,79,4,0.0887834132841856,0.588022918059062,0.167853093888329,0.131075914452008,0.25235638856122,0.388327898587703
"100","G36",10,6,80,3,0.133722381576638,0.588042936416377,0.193249520897309,0.200591826545482,0.182291106116213,0.435428388416735
"100","G73",11,6,81,6,0.117258532931471,0.571852604989458,0.188747263543368,0.175333178672957,0.22884380915654,0.472107141511693
"100","G50",12,6,82,4,0.11359276234299,0.547413617452935,0.196866452123037,0.161939544275036,0.254050628059815,0.501458695313508
"100","G41",13,6,83,5,0.0786451894668119,0.523450855524362,0.184008646145875,0.110477665127516,0.336191755550244,0.411412017911947
"100","G27",14,6,84,4,0.155713087402328,0.510141630758119,0.235039806791209,0.218744253600369,0.226821611500672,0.486449620628547
"100","G59",1,5,57,4,0.162994432090719,0.488590118423657,0.247288851508277,0.226527830232822,0.23594271067502,0.44864658182339
"100","G25",2,5,58,4,0.0939986519944935,0.520115154338522,0.194917818561227,0.131026684949433,0.312632369496111,0.372734129399042
"100","G54",3,5,59,5,0.125388331962723,0.501149921190436,0.220440235811122,0.174728891304944,0.280881344513856,0.468985839876001
"100","G90",4,5,60,3,0.172046415438477,0.534095658545709,0.234485303673818,0.250566080952722,0.178609409365403,0.489499032588798
"100","G83",5,5,61,3,0.12822907214852,0.516821176111667,0.216271958811481,0.179186086533551,0.267547388013461,0.408317480088959
"100","G80",6,5,62,4,0.0987815939489082,0.54384784320948,0.189121329097441,0.140664886555108,0.281489762382417,0.402237718404345
"100","G97",7,5,63,3,0.118213090744874,0.506726542170453,0.2141131905074,0.163701297557978,0.291374126094066,0.404268051795154
"100","G21",8,5,64,3,0.101740459611435,0.530724513810641,0.195595035727045,0.143219844846094,0.29358247707592,0.36356327710532
"100","G32",9,5,65,3,0.0744582391162009,0.533419474246028,0.178576351128729,0.103971675046634,0.331122281648412,0.369095987804219
"100","G70",10,5,66,4,0.0805335284702549,0.529967634121749,0.182991699261758,0.113124146726594,0.327015462929895,0.352180235335826
"100","G96",11,5,67,3,0.0630201846501473,0.560000426050126,0.162349990238243,0.0897542899300023,0.325579898706134,0.372012775761493
"100","G81",12,5,68,3,0.0946643033518702,0.567142629155975,0.177961391856687,0.138678429987558,0.266501931907052,0.421730156283123
"100","G15",13,5,69,3,0.100926525613416,0.55934554014746,0.18443545388406,0.146788488568853,0.26459582420249,0.387671985054033
"100","G13",14,5,70,3,0.148543049338218,0.513646341337129,0.229666818167205,0.208541609487856,0.233774654614165,0.454484256148634
"100","G28",1,4,43,4,0.148802567737842,0.497963213753126,0.235687929154404,0.206750544197206,0.248257853082658,0.392566982631066
"100","G22",2,4,44,4,0.0857855029250602,0.521056520880353,0.189403958247483,0.120248716678537,0.325989785087755,0.320171140741596
"100","G94",3,4,45,5,0.107625236071338,0.526444538476058,0.200772719095864,0.151226928142923,0.283710280255881,0.354264445788237
"100","G44",4,4,46,4,0.164255926551898,0.47986226816635,0.251241672302972,0.226994624953208,0.242845458408991,0.385975786035494
"100","G47",5,4,47,5,0.176724076715966,0.482466904912161,0.257388296836894,0.24569639320453,0.221927289596508,0.387991260863196
"100","G75",6,4,48,3,0.0917933925666591,0.551582456049484,0.182418280460607,0.131101781627275,0.284158965338841,0.397326878103082
"100","G10",7,4,49,5,0.17737872557973,0.492805316803138,0.253888332666138,0.248192486821535,0.213036955728851,0.420549491282604
"100","G9",8,4,50,4,0.133031145763887,0.49696088066483,0.226741186530752,0.184225897066354,0.272857103104353,0.405807220156365
"100","G33",9,4,51,5,0.109156219766323,0.528308690280238,0.200903632923298,0.153673926441025,0.279817194284634,0.376220433125304
"100","G69",10,4,52,4,0.0925728193341629,0.536391271004508,0.18814034555642,0.130747153599423,0.299933293711253,0.366656829067337
"100","G24",11,4,53,3,0.0646855183524818,0.567090393700888,0.160747918258927,0.0931362333396062,0.315579636737516,0.317075940955062
"100","G88",12,4,54,2,0.139571220485341,0.556911178755334,0.207792006308616,0.20452752900072,0.205441708192233,0.421051682830605
"100","G63",13,4,55,6,0.150735705688315,0.54374193421466,0.218568858624018,0.220459419227739,0.200413008148699,0.419274667815032
"100","G42",14,4,56,5,0.164917642836625,0.518089223854371,0.237268498408477,0.233998862841654,0.204899389568194,0.436087664762815
"100","G62",1,3,29,4,0.156412174188439,0.48097782218817,0.246652625182228,0.214936451183267,0.252957686322213,0.403948536268439
"100","G8",2,3,30,5,0.0904347817077762,0.534059324339058,0.187844492293345,0.127066179409717,0.304717937189989,0.297252175221407
"100","G57",3,3,31,4,0.119742840582034,0.502926236465823,0.216391047961073,0.165981150992862,0.28863492105267,0.346703466272109
"100","G30",4,3,32,4,0.0885156743428209,0.524047149034454,0.189987963110744,0.123987967757337,0.318150168747922,0.298346846318349
"100","G34",5,3,33,3,0.105464579014701,0.550147973005656,0.190372109197825,0.152211790364385,0.267728578237876,0.274288363712368
"100","G84",6,3,34,5,0.109370260659915,0.543584012074064,0.195117087408137,0.15707108780533,0.264814853569044,0.321074796744863
"100","G16",7,3,35,4,0.0791621233184322,0.545986749028068,0.176597965464438,0.112670197492756,0.312214908405431,0.317305076446799
"100","G53",8,3,36,5,0.0904925645976083,0.55108555110896,0.18156833901237,0.12966516365214,0.288482762642968,0.340323086241995
"100","G52",9,3,37,3,0.0586106270173185,0.558280670431622,0.160353895196601,0.0830974558071835,0.3340170645278,0.298392799275485
"100","G3",10,3,38,3,0.0993527219967619,0.547970036648211,0.188502794158536,0.140808447747947,0.277034194122137,0.302604356976342
"100","G31",11,3,39,5,0.108321225093584,0.526679622690371,0.201007705249536,0.1519682526846,0.285994277015662,0.303062622582507
"100","G45",12,3,40,3,0.138347425400276,0.499597946543085,0.228673192947147,0.19204356761706,0.264365336115888,0.320790265276385
"100","G20",13,3,41,6,0.108126941000587,0.517048891465582,0.20423052378989,0.151313684230344,0.293021482315608,0.334534044899169
"100","G2",14,3,42,4,0.171969870800249,0.518160854969982,0.241176789797144,0.244537502386755,0.195087479259745,0.372797913793261
"100","G12",1,2,15,5,0.162564861482495,0.490543958747274,0.246501416548122,0.22542759308829,0.23523740777669,0.31349296822616
"100","G22",2,2,16,5,0.0804928685033477,0.545813402907082,0.177768147620482,0.114018277806938,0.308342352413549,0.319215134925947
"100","G64",3,2,17,5,0.0813337753118398,0.552745312220021,0.176076544780974,0.115257464995218,0.30062295619695,0.261626191041319
"100","G27",4,2,18,4,0.11907847464357,0.516883277118233,0.210670964250082,0.167583577573061,0.275838213929848,0.258588869415292
"100","G11",5,2,19,5,0.144430081104151,0.502526169934652,0.23142072335993,0.201732725694068,0.250541236203229,0.268760157617926
"100","G56",6,2,20,5,0.116040492305078,0.538883973880815,0.20097329855145,0.165783631439153,0.259278820756489,0.265670968705174
"100","G14",7,2,21,4,0.111574634023773,0.517701142608612,0.206415554755882,0.15539001692806,0.288532886431525,0.227357048553742
"100","G91",8,2,22,2,0.113073918952698,0.52637473341723,0.204538270815928,0.157997411475105,0.275822870409053,0.212235562155736
"100","G48",9,2,23,5,0.0800596700843782,0.572567050572321,0.1682530051479,0.115643408617732,0.283376352678404,0.212805805839392
"100","G39",10,2,24,2,0.118245425109592,0.519975281959523,0.209234832440101,0.165962033636605,0.274718396906852,0.303261442471779
"100","G19",11,2,25,5,0.140267725680723,0.503728505615701,0.22815119373555,0.19558645885684,0.258572954297324,0.300468610772174
"100","G40",12,2,26,3,0.0827741360610689,0.549594671508289,0.177839191416658,0.117559526529995,0.301842383766767,0.251482628657052
"100","G18",13,2,27,4,0.139588008561949,0.564513116851744,0.204960397252793,0.206435492790214,0.195893996671322,0.327786370049574
"100","G41",14,2,28,5,0.174589073741889,0.515335460813679,0.243686002313715,0.248181504252113,0.193064224255142,0.327201271471197
"100","G7",1,1,1,4,0.152029443181778,0.510859801974627,0.232420869396644,0.214172272910851,0.230573685543073,0.218876608266507
"100","G78",2,1,2,4,0.0961514915460639,0.527094229990219,0.193599138647156,0.13503179689345,0.302269920964847,0.248112445468754
"100","G6",3,1,3,5,0.103612161827659,0.533110598617353,0.19603730138873,0.145594792726735,0.286571158131351,0.202152120717211
"100","G17",4,1,4,4,0.111456114751603,0.523385996829117,0.203604250378829,0.157799607577106,0.282462180975254,0.2119314407168
"100","G5",5,1,5,5,0.120738640548945,0.499117430933176,0.218988105187296,0.16583880353804,0.291771210631181,0.232184718055925
"100","G37",6,1,6,4,0.106443380773469,0.518427148676819,0.202971516753072,0.14811778289869,0.296356171516564,0.243900735336498
"100","G23",7,1,7,4,0.119014527628053,0.51611731079946,0.211059381080538,0.166676590396359,0.279199042208509,0.211756162977515
"100","G26",8,1,8,5,0.10659432429554,0.527018275070505,0.200151991325144,0.148962317777423,0.286818506449744,0.192748647670236
"100","G36",9,1,9,3,0.0918281697837894,0.55099069693461,0.182633708946604,0.131022007007109,0.28558876514508,0.175311014266321
"100","G38",10,1,10,4,0.0973583398499186,0.543479638224369,0.188427334019981,0.138570294585379,0.284689722272457,0.197445150159953
"100","G4",11,1,11,3,0.0770618878510088,0.56267181822678,0.169719933857821,0.110519072697186,0.300241937675903,0.143854120042938
"100","G1",12,1,12,2,0.0815063546916878,0.570921182904085,0.16949773924081,0.11799127655054,0.283100696327928,0.170316094362616
"100","G89",13,1,13,2,0.134070871172431,0.564740560535886,0.201689334443936,0.197630321790778,0.206009581911576,0.201200148225409
"100","G85",14,1,14,6,0.17508350915,0.536868134247691,0.235607962864459,0.254037710609297,0.171005169190317,0.202071249473685
